"size","reps","mem","temp","shuff","cyc","l3r","l3m"
8192,32,wc,n,shuffle,1152111113,707,108
32768,8,wc,n,shuffle,1171116990,1510,90
32768,8,wb,t,seq,866801583,4205716,3719178
1024,256,wc,t,seq,1005448323,408,63
8192,32,wc,t,seq,1003564264,699,52
2048,128,wb,n,seq,235821723,4193201,79307
12288,21,wc,t,seq,987345349,929,95
2048,128,wc,e,shuffle,1177949102,488,82
2048,128,wc,e,seq,1005357428,380,64
262144,1,wb,e,shuffle,1291129902,7446614,4195888
6144,42,wc,e,shuffle,1177035996,710,96
262144,1,wc,t,seq,1002099535,8755,1916
16384,16,wc,t,seq,1002452359,1059,119
4096,64,wc,n,seq,1044661551,631,72
262144,1,wc,e,seq,1002188481,8690,3735
6144,42,wc,t,shuffle,1176070753,646,110
32768,8,wc,n,seq,1043404823,1754,273
512,512,wb,t,shuffle,242736282,3964879,24392
32768,8,wc,t,seq,1002069633,1456,370
32768,8,wb,e,seq,840747246,4205596,3527088
262144,1,wb,e,seq,942720488,4205341,4203570
4096,64,wb,n,shuffle,290807448,4197242,167269
16384,16,wb,t,seq,764198319,4205320,3106350
16384,16,wb,t,shuffle,881624657,4305675,2797307
16384,16,wb,n,shuffle,870712450,4245523,2751444
262144,1,wb,t,shuffle,1291543082,7453582,4195913
16384,16,wb,e,shuffle,1162604328,4297058,4167661
8192,32,wb,e,seq,377245067,4205433,860639
512,512,wb,e,seq,228257110,4190940,30058
4096,64,wb,n,seq,239720317,4197294,101428
6144,42,wb,e,shuffle,468505814,4148899,955729
262144,1,wc,t,shuffle,1316223336,2120899,104
512,512,wc,e,seq,1002402973,343,98
8192,32,wb,n,shuffle,652755048,4210693,1781816
12288,21,wc,t,shuffle,1186245355,784,92
2048,128,wb,n,shuffle,270171733,4194164,79246
262144,1,wb,t,seq,943336991,4205557,4203918
6144,42,wb,n,shuffle,527724007,4141294,1241197
1024,256,wc,e,shuffle,1169145215,416,90
8192,32,wc,t,shuffle,1203040863,729,71
8192,32,wb,n,seq,429849566,4203967,1175912
262144,1,wc,e,shuffle,1315954556,2123791,108
4096,64,wc,t,seq,1004373170,679,108
512,512,wb,e,shuffle,243619620,3964290,28784
512,512,wc,n,seq,1045138318,389,46
8192,32,wb,t,shuffle,657383661,4221633,1801167
262144,1,wc,n,seq,1043313532,8697,3683
6144,42,wb,t,seq,364681069,4138353,840035
1024,256,wb,n,shuffle,251827837,4194322,10455
12288,21,wc,n,seq,1027586540,1004,84
512,512,wb,t,seq,227781647,4186496,30163
262144,1,wb,n,seq,941642832,4205142,4204013
8192,32,wc,n,seq,1044175759,750,123
12288,21,wb,t,shuffle,779235056,4149767,2364895
32768,8,wb,e,shuffle,1185108275,4621250,4191029
2048,128,wc,n,shuffle,1126316586,404,82
16384,16,wc,n,seq,1043710782,865,136
4096,64,wb,t,shuffle,299289543,4200237,207370
2048,128,wb,e,shuffle,257810709,4194396,18505
1024,256,wb,t,seq,241432001,4192797,102628
1024,256,wc,t,shuffle,1168696085,420,43
6144,42,wb,n,seq,383120468,4136849,955666
16384,16,wb,n,seq,665675962,4205600,2498280
2048,128,wc,t,seq,1005265640,434,76
12288,21,wb,e,shuffle,778138245,4160836,2358814
32768,8,wb,n,seq,863148181,4205472,3699723
6144,42,wb,t,shuffle,485907906,4140055,1037296
8192,32,wb,t,seq,407419886,4205243,1033412
12288,21,wb,n,seq,636206179,4138479,2297205
4096,64,wc,t,shuffle,1185871371,554,93
32768,8,wb,t,shuffle,1191357235,4862057,4190715
1024,256,wc,n,seq,1045292799,344,91
8192,32,wc,e,shuffle,1201204283,775,83
2048,128,wc,t,shuffle,1175128213,478,48
4096,64,wc,e,seq,1004144608,482,28
4096,64,wb,e,shuffle,282672651,4197257,127785
1024,256,wb,t,shuffle,251825321,4194618,9036
262144,1,wc,n,shuffle,1262187378,2116550,97
6144,42,wb,e,seq,373168233,4137678,884618
12288,21,wc,e,shuffle,1187475861,844,71
1024,256,wb,n,seq,234591375,4191262,69162
16384,16,wc,e,seq,1002699343,909,166
512,512,wc,t,shuffle,1180884468,372,53
4096,64,wb,e,seq,266740771,4197113,249496
512,512,wb,n,seq,218735121,3997376,5015
2048,128,wb,t,seq,225819925,4194169,19585
4096,64,wc,e,shuffle,1181052129,632,73
32768,8,wc,t,shuffle,1223624611,1673,104
1024,256,wc,n,shuffle,1119574167,422,61
512,512,wc,e,shuffle,1164436970,411,36
262144,1,wb,n,shuffle,1290515929,7439509,4196121
6144,42,wc,n,shuffle,1124931973,657,94
32768,8,wc,e,seq,1002070493,1804,372
12288,21,wc,e,seq,987459637,873,45
6144,42,wc,t,seq,988002063,720,60
8192,32,wb,e,shuffle,650103380,4217324,1767731
32768,8,wb,n,shuffle,1040846076,4667937,3476630
16384,16,wc,e,shuffle,1212661662,1029,73
512,512,wb,n,shuffle,236708730,3450067,48278
2048,128,wc,n,seq,1045438429,423,23
1024,256,wb,e,seq,247703109,4193271,134416
1024,256,wb,e,shuffle,264692035,4194346,70877
16384,16,wb,e,seq,672069247,4206107,2515263
12288,21,wb,t,seq,638534784,4138649,2305593
4096,64,wb,t,seq,286989940,4197411,368445
6144,42,wc,e,seq,987698812,715,98
2048,128,wb,t,shuffle,257943707,4194007,19144
4096,64,wc,n,shuffle,1128441796,545,85
16384,16,wc,t,shuffle,1212729435,984,78
32768,8,wc,e,shuffle,1222612195,1519,71
2048,128,wb,e,seq,249842073,4193291,147898
6144,42,wc,n,seq,1028049461,706,88
12288,21,wb,n,shuffle,781056029,4224359,2364166
512,512,wc,t,seq,1005325443,386,86
8192,32,wc,e,seq,1003661937,660,92
12288,21,wc,n,shuffle,1136956646,883,74
512,512,wc,n,shuffle,1134574440,336,20
12288,21,wb,e,seq,650175053,4139082,2369236
1024,256,wc,e,seq,1004719289,402,54
16384,16,wc,n,shuffle,1159951561,1013,79
262144,1,wb,e,seq,943029393,4205924,4204050
16384,16,wc,t,shuffle,1212216327,972,96
6144,42,wb,t,seq,388768395,4137947,980669
32768,8,wb,t,shuffle,1038636670,4614955,3470260
8192,32,wc,t,seq,1003555904,760,120
4096,64,wb,n,seq,297466592,4197128,431398
4096,64,wb,t,seq,243691192,4197305,122170
2048,128,wb,n,seq,225268476,4193743,19663
6144,42,wb,t,shuffle,419557952,4146783,720230
32768,8,wb,n,shuffle,1198989523,5196996,4190669
512,512,wb,t,seq,215823383,3831188,4185
6144,42,wc,e,seq,988235482,649,93
12288,21,wb,t,shuffle,726451341,4159068,2111044
2048,128,wb,t,shuffle,280692423,4194268,128476
32768,8,wc,n,seq,1043485183,1739,86
8192,32,wb,n,seq,540573857,4205091,1721909
2048,128,wc,t,seq,1004937776,455,85
2048,128,wb,n,shuffle,277142606,4194469,112862
6144,42,wc,e,shuffle,1176272846,703,91
16384,16,wb,t,seq,668134674,4205903,2515168
6144,42,wc,t,seq,988195384,746,91
1024,256,wc,t,shuffle,1188308584,397,54
32768,8,wc,t,seq,1002117162,1569,291
12288,21,wb,e,shuffle,776817272,4149723,2352523
4096,64,wb,n,shuffle,307348938,4197467,246925
8192,32,wb,n,shuffle,461646706,4209062,861740
6144,42,wc,n,seq,1028249542,715,83
2048,128,wc,t,shuffle,1179526114,437,43
262144,1,wc,e,seq,1002103688,8724,3799
16384,16,wc,n,shuffle,1159888881,901,60
262144,1,wc,t,seq,1002132960,8751,3318
8192,32,wb,e,shuffle,648064558,4223364,1759157
8192,32,wb,t,shuffle,617992200,4205097,1613695
12288,21,wc,n,seq,1027496368,1078,147
8192,32,wc,e,seq,1003553513,699,87
2048,128,wc,e,shuffle,1184761960,405,65
32768,8,wb,n,seq,942987347,4205369,4198772
16384,16,wb,e,seq,662621104,4206158,2482558
1024,256,wc,n,seq,1045055647,388,78
6144,42,wb,n,seq,343273424,4136859,707295
8192,32,wb,t,seq,521309662,4203633,1615725
2048,128,wb,e,seq,246160520,4193847,130160
12288,21,wc,e,seq,987469382,888,44
4096,64,wc,e,shuffle,1177324976,575,22
12288,21,wc,t,seq,987066099,815,81
512,512,wb,n,seq,226581500,4189589,26550
6144,42,wc,n,shuffle,1124579014,609,32
512,512,wc,n,seq,1044102865,353,19
12288,21,wc,t,shuffle,1186520145,912,55
512,512,wc,e,seq,1004388955,394,38
262144,1,wc,t,shuffle,1316212884,2127293,103
262144,1,wb,n,shuffle,1289794039,7413607,4196078
32768,8,wc,t,shuffle,1223246418,1578,117
1024,256,wb,n,shuffle,273316635,4193463,113956
262144,1,wc,n,seq,1043312414,8698,2086
32768,8,wb,e,shuffle,1055989624,4630358,3552953
512,512,wc,n,shuffle,1113395442,343,55
512,512,wc,t,shuffle,1160740165,345,53
4096,64,wb,t,shuffle,314454183,4199853,279250
2048,128,wb,t,seq,225418941,4193584,17716
262144,1,wb,n,seq,942857141,4205369,4204084
32768,8,wb,e,seq,839101400,4205971,3541004
12288,21,wb,n,shuffle,781999464,4165938,2376800
12288,21,wc,e,shuffle,1188057533,883,86
262144,1,wc,n,shuffle,1262260838,2126596,84
1024,256,wb,n,seq,245943930,4192157,129864
1024,256,wb,e,shuffle,258334578,4193848,40452
32768,8,wc,e,seq,1002151684,1765,131
6144,42,wc,t,shuffle,1174813556,606,52
8192,32,wc,n,shuffle,1150060544,642,88
1024,256,wb,e,seq,245418608,4193368,121762
512,512,wb,e,shuffle,241446716,3997333,15061
512,512,wb,n,shuffle,241823568,4026820,15657
2048,128,wb,e,shuffle,280523265,4194190,127785
16384,16,wb,n,seq,663942488,4206216,2476120
16384,16,wb,n,shuffle,875363705,4244709,2774090
1024,256,wc,e,seq,1004488644,388,59
16384,16,wb,t,shuffle,882169532,4263674,2803859
8192,32,wc,e,shuffle,1201709388,666,82
262144,1,wc,e,shuffle,1316245274,2126095,90
6144,42,wb,e,shuffle,439092808,4141821,814780
6144,42,wb,e,seq,375464068,4137667,894390
6144,42,wb,n,shuffle,446103304,4171328,846909
262144,1,wb,t,shuffle,1291432321,7466085,4196090
1024,256,wc,t,seq,1004604595,417,84
512,512,wb,e,seq,218901275,3965273,4344
2048,128,wc,e,seq,1004444464,356,32
4096,64,wc,t,seq,1004101385,657,97
4096,64,wc,n,shuffle,1132716185,545,58
8192,32,wb,e,seq,549087454,4204118,1767744
1024,256,wc,e,shuffle,1172243809,403,84
32768,8,wc,e,shuffle,1222747838,1677,58
4096,64,wb,e,shuffle,286131763,4197429,144304
512,512,wc,t,seq,1004408780,391,88
32768,8,wc,n,shuffle,1170696399,1474,93
16384,16,wb,e,shuffle,1165118241,4253262,4181471
262144,1,wb,t,seq,943383986,4205538,4204018
12288,21,wb,n,seq,641541356,4138890,2408927
262144,1,wb,e,shuffle,1289607281,7416247,4195540
1024,256,wb,t,shuffle,275969324,4194678,125065
2048,128,wc,n,seq,1044997172,441,61
16384,16,wc,n,seq,1043765228,911,88
32768,8,wb,t,seq,843579089,4205962,3544642
512,512,wb,t,shuffle,248288051,4189857,28743
8192,32,wc,t,shuffle,1201885647,655,41
16384,16,wc,e,seq,1002692831,889,154
12288,21,wb,t,seq,648238402,4140215,2360826
12288,21,wc,n,shuffle,1134871818,833,72
1024,256,wb,t,seq,230752275,4192131,47476
16384,16,wc,t,seq,1002718870,916,70
1024,256,wc,n,shuffle,1135577724,440,81
4096,64,wb,e,seq,259357503,4197294,207637
16384,16,wc,e,shuffle,1212003704,876,89
4096,64,wc,n,seq,1044862557,1090,564
4096,64,wc,e,seq,1004417147,530,41
512,512,wc,e,shuffle,1162573125,370,44
8192,32,wc,n,seq,1044494035,737,108
4096,64,wc,t,shuffle,1182634994,607,50
12288,21,wb,e,seq,651723237,4138963,2377351
2048,128,wc,n,shuffle,1124122749,417,69
512,512,wb,e,shuffle,247607114,4190963,25565
6144,42,wc,t,seq,987840536,644,50
2048,128,wb,n,seq,241815192,4193346,112319
262144,1,wc,t,shuffle,1316032560,2124432,101
4096,64,wb,t,shuffle,307870202,4200198,247436
32768,8,wb,n,shuffle,1147275001,4627725,4007576
8192,32,wc,t,shuffle,1201456596,746,120
1024,256,wb,n,seq,248613367,4191114,144776
4096,64,wc,t,seq,1004339029,551,75
512,512,wb,e,seq,225165273,3934323,40994
262144,1,wc,n,shuffle,1262085837,2120084,99
1024,256,wc,t,seq,1002723407,382,68
4096,64,wc,n,seq,1045158880,584,70
512,512,wb,t,seq,228729252,4186697,35212
1024,256,wb,t,seq,232967393,4192623,57317
8192,32,wb,n,seq,544222009,4203322,1743904
6144,42,wb,t,seq,440893569,4137947,1189870
32768,8,wc,t,seq,1002058995,1705,332
16384,16,wc,t,shuffle,1211300352,916,44
8192,32,wc,n,shuffle,1149581103,824,126
1024,256,wc,e,seq,1003021789,348,51
2048,128,wb,e,seq,262078377,4193610,217771
12288,21,wb,n,seq,614050384,4139894,2246992
512,512,wb,n,shuffle,248106141,4191593,29223
16384,16,wc,e,seq,1002701079,888,173
6144,42,wc,n,seq,1028226001,587,43
12288,21,wb,t,shuffle,783157139,4159516,2381788
2048,128,wc,t,seq,1004774154,405,79
6144,42,wb,e,seq,463453286,4137991,1311806
32768,8,wc,e,shuffle,1222798338,1559,56
12288,21,wb,t,seq,641324215,4138606,2323229
6144,42,wb,t,shuffle,407142031,4143181,662414
4096,64,wc,t,shuffle,1183819301,528,65
262144,1,wb,e,shuffle,1303976039,7680159,4235465
4096,64,wb,e,shuffle,388091174,4198950,632713
12288,21,wc,t,seq,987085968,875,94
512,512,wc,n,shuffle,1124817434,398,43
2048,128,wb,n,shuffle,270294587,4194609,79568
32768,8,wc,n,seq,1043296672,1989,51
2048,128,wc,e,shuffle,1174183067,458,60
12288,21,wb,n,shuffle,781226557,4154890,2375166
8192,32,wb,n,shuffle,636174697,4208261,1702954
262144,1,wc,t,seq,1002014045,8715,447
8192,32,wb,t,shuffle,650835964,4228559,1769506
6144,42,wc,n,shuffle,1125170203,587,73
1024,256,wb,e,shuffle,264439718,4195306,69336
512,512,wb,t,shuffle,245375228,4185854,15177
32768,8,wb,e,seq,840357726,4205759,3524272
16384,16,wb,e,seq,724479244,4205219,2791311
1024,256,wb,t,shuffle,269995607,4194545,96456
1024,256,wc,n,seq,1045084796,389,59
6144,42,wc,e,seq,987833755,699,75
8192,32,wc,e,seq,1003492619,773,30
32768,8,wc,t,shuffle,1223032538,1413,64
4096,64,wc,e,seq,1004321648,504,40
32768,8,wb,t,shuffle,1184925183,4598318,4190826
262144,1,wc,n,seq,1043216297,8770,3374
512,512,wc,t,seq,1002495669,370,73
4096,64,wb,t,seq,274105026,4197365,293793
2048,128,wb,t,seq,225757012,4193978,19300
1024,256,wb,n,shuffle,251430448,4194157,8636
262144,1,wc,e,shuffle,1316355969,2129370,115
512,512,wc,e,shuffle,1157588907,394,26
262144,1,wc,e,seq,1002156764,8747,3516
32768,8,wb,e,shuffle,1186143503,4652990,4190374
16384,16,wb,t,shuffle,836807049,4246489,2586932
6144,42,wb,n,seq,335279100,4138993,660605
8192,32,wb,t,seq,514869202,4203940,1580749
1024,256,wc,e,shuffle,1168272766,354,90
4096,64,wb,n,shuffle,291275848,4197035,170120
2048,128,wb,e,shuffle,257738050,4194375,17947
262144,1,wb,n,seq,942833685,4205480,4204057
262144,1,wb,t,seq,942287718,4205081,4203692
1024,256,wc,t,shuffle,1171320355,363,84
8192,32,wc,t,seq,1003433231,695,80
4096,64,wc,n,shuffle,1128382545,579,41
262144,1,wb,t,shuffle,1290671896,7431150,4195832
32768,8,wc,e,seq,1002127895,1763,203
12288,21,wc,n,seq,1027705750,807,162
6144,42,wb,e,shuffle,452426631,4140160,877041
512,512,wc,t,shuffle,1158729927,408,93
6144,42,wb,n,shuffle,475375634,4143832,989876
2048,128,wc,e,seq,1004506442,480,88
32768,8,wb,n,seq,833213811,4205677,3506207
4096,64,wc,e,shuffle,1177908874,616,76
8192,32,wc,n,seq,1044413013,740,76
32768,8,wc,n,shuffle,1171143429,1610,66
12288,21,wc,n,shuffle,1134935306,806,47
1024,256,wb,e,seq,236142621,4193715,74780
512,512,wb,n,seq,222523667,4186428,5157
512,512,wc,n,seq,1045466885,400,43
16384,16,wc,t,seq,1002665558,1987,1284
8192,32,wb,e,seq,485903874,4204109,1506481
16384,16,wb,n,seq,719031470,4205387,2771696
6144,42,wc,t,shuffle,1179699170,682,109
262144,1,wb,n,shuffle,1387913252,7941389,4621496
12288,21,wb,e,seq,860325593,4140158,3722049
12288,21,wc,e,seq,987210825,998,320
16384,16,wc,n,shuffle,1160219632,1066,57
4096,64,wb,n,seq,259007815,4196571,211219
16384,16,wb,e,shuffle,1164658106,4248811,4182702
16384,16,wc,e,shuffle,1211673119,893,83
16384,16,wc,n,seq,1043861797,1051,133
262144,1,wb,e,seq,943500701,4205921,4203466
16384,16,wb,t,seq,938355047,4205600,4165095
4096,64,wb,e,seq,232274902,4196238,53973
6144,42,wc,e,shuffle,1173074539,730,117
12288,21,wc,e,shuffle,1184715391,858,80
2048,128,wc,t,shuffle,1178307486,435,39
8192,32,wc,e,shuffle,1201651513,892,210
512,512,wc,e,seq,1004421051,405,31
12288,21,wc,t,shuffle,1185421887,772,47
12288,21,wb,e,shuffle,898149396,4150391,2942412
16384,16,wb,n,shuffle,882831001,4562969,2775879
32768,8,wb,t,seq,895807287,4205670,3905940
2048,128,wc,n,shuffle,1126092436,440,87
2048,128,wc,n,seq,1045292903,498,47
1024,256,wc,n,shuffle,1117676095,345,86
8192,32,wb,e,shuffle,583797182,4210575,1448736
2048,128,wb,t,shuffle,308305918,4194425,261339
6144,42,wc,e,seq,988048279,595,72
16384,16,wb,t,shuffle,883355805,4263388,2810661
8192,32,wb,n,seq,535936322,4205025,1697603
12288,21,wb,n,shuffle,766900035,4163488,2303247
12288,21,wb,e,shuffle,717412502,4203745,2061862
32768,8,wb,t,seq,943126751,4205573,4198652
8192,32,wc,t,shuffle,1200391585,708,89
512,512,wb,n,shuffle,242751576,3929669,29695
16384,16,wb,n,shuffle,878648388,4245195,2791124
12288,21,wc,n,shuffle,1135363010,774,78
32768,8,wb,e,seq,943276200,4205604,4198565
12288,21,wc,n,seq,1027829602,807,199
2048,128,wc,t,shuffle,1179257633,435,59
6144,42,wb,t,seq,395423792,4137798,1015707
512,512,wc,t,shuffle,1166881063,390,94
262144,1,wc,e,seq,1002140581,8778,3142
2048,128,wc,e,seq,1004420370,508,95
32768,8,wc,t,seq,1002132549,2060,333
16384,16,wb,t,seq,727204800,4204623,2812194
32768,8,wb,n,seq,942361434,4205382,4198614
2048,128,wb,t,shuffle,258004392,4194424,19317
262144,1,wc,t,shuffle,1316257625,2128174,101
6144,42,wc,n,shuffle,1124342754,738,59
12288,21,wb,n,seq,653000149,4138356,2391994
1024,256,wc,e,shuffle,1168579069,359,83
512,512,wb,t,seq,229506828,4185088,39928
8192,32,wc,e,seq,1003479747,679,74
262144,1,wc,t,seq,1002145320,8757,3335
1024,256,wc,e,seq,1004328474,425,44
6144,42,wc,n,seq,1028321421,558,101
4096,64,wb,t,shuffle,320413756,4200689,308458
1024,256,wb,n,seq,223524288,4194196,9785
1024,256,wb,e,shuffle,251795673,4194977,8933
2048,128,wc,n,shuffle,1126862558,481,74
4096,64,wc,t,shuffle,1177861421,581,81
12288,21,wc,t,seq,987189504,814,78
2048,128,wc,t,seq,1002966955,414,37
262144,1,wb,n,shuffle,1330237236,7538005,4379810
1024,256,wb,t,seq,223924076,4192879,9214
262144,1,wc,n,seq,1043142188,8679,1001
1024,256,wc,t,shuffle,1167263166,376,69
4096,64,wc,n,seq,1044853239,507,68
4096,64,wb,n,seq,251039412,4196829,164827
8192,32,wb,t,shuffle,763461637,4208043,2311562
16384,16,wc,e,shuffle,1212802740,923,89
4096,64,wb,n,shuffle,267268865,4197876,54498
12288,21,wb,t,seq,554891189,4139959,1873736
2048,128,wb,n,seq,238239199,4193760,92148
1024,256,wc,n,seq,1045148119,412,54
512,512,wb,t,shuffle,248144384,4190475,28223
512,512,wc,e,seq,1004713885,352,39
6144,42,wb,n,seq,373543787,4137174,892649
4096,64,wb,e,seq,264484213,4197757,240584
4096,64,wb,t,seq,244707568,4197198,128125
8192,32,wc,t,seq,1003135964,663,88
4096,64,wc,e,seq,1004406454,553,58
6144,42,wb,e,seq,407124357,4138566,1082587
12288,21,wb,e,seq,560132604,4140254,1895232
32768,8,wb,t,shuffle,1047958602,4576426,3518522
1024,256,wb,e,seq,247897006,4193921,135301
512,512,wb,e,shuffle,247459618,4193896,24593
2048,128,wb,n,shuffle,278620815,4194545,119815
1024,256,wb,t,shuffle,251889304,4194882,9294
4096,64,wc,e,shuffle,1178670943,521,69
32768,8,wc,n,seq,1043393267,1908,80
262144,1,wb,e,shuffle,1290403484,7422081,4195980
8192,32,wc,n,seq,1044224048,634,88
2048,128,wc,n,seq,1044659065,441,56
8192,32,wb,n,shuffle,740813173,4213545,2201894
512,512,wb,n,seq,223558541,4179851,11828
32768,8,wb,n,shuffle,1039581012,4673776,3472527
32768,8,wc,n,shuffle,1171027218,1733,85
4096,64,wc,n,shuffle,1127148936,507,30
512,512,wc,e,shuffle,1172772809,384,42
1024,256,wc,t,seq,1004488427,373,75
262144,1,wc,n,shuffle,1262210127,2119816,96
262144,1,wb,t,shuffle,1290340882,7416835,4195966
32768,8,wb,e,shuffle,1034438574,4541462,3458043
262144,1,wb,t,seq,942440820,4205485,4203963
262144,1,wb,e,seq,942443691,4205940,4203995
1024,256,wc,n,shuffle,1120529309,382,85
8192,32,wc,n,shuffle,1150422390,789,50
16384,16,wc,n,shuffle,1159357115,917,48
16384,16,wc,t,shuffle,1212203993,990,71
12288,21,wc,e,seq,987146277,777,104
32768,8,wc,t,shuffle,1222617705,1700,107
16384,16,wb,e,shuffle,885123621,4269787,2817302
12288,21,wb,t,shuffle,774381185,4179979,2336533
6144,42,wc,t,seq,988072127,625,105
32768,8,wc,e,seq,1002162093,1777,289
8192,32,wc,e,shuffle,1200742918,771,24
2048,128,wc,e,shuffle,1176724313,407,39
12288,21,wc,t,shuffle,1185645445,838,57
4096,64,wb,e,shuffle,307529427,4198006,246670
8192,32,wb,e,shuffle,703404753,4285105,2015228
262144,1,wb,n,seq,942988350,4205354,4204280
512,512,wc,t,seq,1004439361,400,86
2048,128,wb,e,shuffle,288528993,4194151,164558
16384,16,wb,n,seq,942454884,4205178,4191730
16384,16,wc,e,seq,1002620449,1157,90
6144,42,wc,t,shuffle,1176707974,679,65
6144,42,wb,e,shuffle,464592506,4154397,936568
8192,32,wb,e,seq,629457303,4204658,2356571
1024,256,wb,n,shuffle,255923567,4193914,30186
16384,16,wc,n,seq,1043616063,842,62
2048,128,wb,e,seq,245512074,4193353,126616
32768,8,wc,e,shuffle,1222496522,1541,93
6144,42,wc,e,shuffle,1171787553,711,41
4096,64,wc,t,seq,1004427989,564,37
16384,16,wc,t,seq,1002634722,1045,85
8192,32,wb,t,seq,669140141,4205434,2591488
262144,1,wc,e,shuffle,1316288340,2126886,105
512,512,wc,n,shuffle,1102042377,390,63
6144,42,wb,t,shuffle,432945505,4140065,784752
2048,128,wb,t,seq,241588940,4194086,106397
512,512,wc,n,seq,1045270343,387,70
12288,21,wc,e,shuffle,1187610881,903,63
6144,42,wb,n,shuffle,455498794,4142258,894141
512,512,wb,e,seq,229059676,4189417,34724
16384,16,wb,e,seq,729010021,4205004,2821012
32768,8,wb,e,shuffle,1046855687,4763765,3493440
6144,42,wb,t,shuffle,460724521,4142906,918492
6144,42,wc,e,shuffle,1176075409,619,97
512,512,wc,e,shuffle,1162830602,405,17
1024,256,wb,e,shuffle,263608270,4194375,65783
262144,1,wc,t,shuffle,1316243706,2125835,90
8192,32,wb,t,shuffle,776792738,4211750,2375598
6144,42,wb,e,seq,358240552,4137715,799133
262144,1,wc,t,seq,1002182568,8735,3187
262144,1,wc,n,shuffle,1262192867,2122121,92
2048,128,wb,e,shuffle,272387092,4194290,88775
6144,42,wc,n,shuffle,1129172550,541,80
32768,8,wc,e,seq,1002150014,1589,460
8192,32,wb,n,shuffle,645799145,4210745,1748480
32768,8,wc,e,shuffle,1222562328,1502,95
1024,256,wc,n,shuffle,1123519769,425,58
6144,42,wb,t,seq,456683951,4138142,1276752
1024,256,wb,n,seq,232725543,4192507,60803
8192,32,wc,e,shuffle,1202245271,674,68
2048,128,wb,n,shuffle,264888272,4194133,53724
12288,21,wb,n,seq,548507272,4140291,1825146
16384,16,wc,e,seq,1002685687,1160,297
1024,256,wc,t,shuffle,1186874594,403,49
12288,21,wc,n,seq,1027693519,918,157
16384,16,wb,e,seq,728581840,4204625,2817652
512,512,wc,n,shuffle,1112958313,369,103
16384,16,wc,n,seq,1043837773,985,188
2048,128,wc,t,shuffle,1177799917,456,66
1024,256,wb,t,seq,231251524,4192635,49360
16384,16,wc,n,shuffle,1159335534,918,80
12288,21,wb,e,seq,648421874,4138817,2359753
2048,128,wc,e,shuffle,1175705463,437,64
4096,64,wc,n,shuffle,1127935648,551,51
12288,21,wb,t,shuffle,779862301,4147834,2368523
12288,21,wc,n,shuffle,1134775529,791,68
262144,1,wb,e,seq,943635772,4205937,4204064
4096,64,wb,t,seq,286804547,4197812,373011
16384,16,wc,t,seq,1002693427,981,93
4096,64,wc,e,seq,1004407161,491,47
512,512,wb,e,shuffle,247449391,4187594,25143
8192,32,wc,n,shuffle,1149309689,629,51
512,512,wc,t,seq,1004391567,358,90
12288,21,wb,n,shuffle,959520455,4153430,3241848
16384,16,wb,n,shuffle,931936962,4314582,3047611
8192,32,wc,e,seq,1003763411,766,142
512,512,wb,e,seq,229748460,4190199,38286
512,512,wb,n,seq,220252440,3935663,19687
2048,128,wc,t,seq,1005128302,427,68
2048,128,wb,t,shuffle,282316490,4194308,136427
32768,8,wb,n,shuffle,1056454844,5155282,3499681
8192,32,wc,t,seq,1003609110,651,85
262144,1,wb,n,seq,941841104,4205050,4203856
2048,128,wc,n,seq,1045185212,459,108
16384,16,wc,e,shuffle,1212238177,1017,66
4096,64,wb,e,shuffle,304785189,4197830,234038
4096,64,wb,n,seq,245568430,4197168,136344
512,512,wc,n,seq,1045149778,368,80
6144,42,wc,t,shuffle,1178851382,641,71
262144,1,wc,e,seq,1002071758,8670,1662
1024,256,wb,e,seq,247794248,4192780,134335
2048,128,wb,t,seq,240957697,4194137,104496
6144,42,wc,t,seq,988370544,709,105
1024,256,wc,e,shuffle,1176673882,395,68
32768,8,wc,t,shuffle,1222827161,1682,81
1024,256,wc,n,seq,1044249691,412,48
262144,1,wc,e,shuffle,1315952598,2123154,97
6144,42,wb,e,shuffle,376908666,4157074,513338
4096,64,wb,n,shuffle,314326473,4197327,280061
2048,128,wb,e,seq,226357669,4194402,20390
262144,1,wb,e,shuffle,1291182415,7447213,4196039
512,512,wb,t,seq,222949973,4190388,4196
8192,32,wb,n,seq,521412524,4203687,1731028
262144,1,wc,n,seq,1043331960,8726,1449
4096,64,wb,t,shuffle,311851935,4200331,266868
8192,32,wc,n,seq,1044124490,696,77
16384,16,wb,t,seq,731611177,4205810,2838145
32768,8,wb,e,seq,943265239,4205849,4198509
6144,42,wc,e,seq,988103048,767,95
512,512,wc,e,seq,1004432937,379,94
1024,256,wb,n,shuffle,271000053,4193673,102566
262144,1,wb,t,shuffle,1291218389,7447192,4195918
2048,128,wb,n,seq,224814471,4194010,17452
8192,32,wc,t,shuffle,1201809606,687,97
8192,32,wb,t,seq,424923651,4203681,1113973
512,512,wb,t,shuffle,243543563,3964489,28351
16384,16,wb,n,seq,942336476,4205241,4191755
32768,8,wc,t,seq,1002116063,1431,88
32768,8,wc,n,shuffle,1170971664,1757,111
262144,1,wb,t,seq,942785875,4205683,4203915
1024,256,wc,t,seq,1004470035,393,94
4096,64,wc,n,seq,1044633867,534,65
512,512,wb,n,shuffle,233337182,3707013,6601
12288,21,wc,e,shuffle,1185935098,846,56
6144,42,wc,n,seq,1027716232,648,87
2048,128,wc,n,shuffle,1123825632,428,18
16384,16,wb,t,shuffle,1159222715,4251275,4154704
32768,8,wb,t,seq,943082802,4205717,4198713
32768,8,wb,n,seq,918281190,4205503,4050301
12288,21,wc,t,shuffle,1185796672,844,90
12288,21,wb,t,seq,649693299,4139313,2369242
16384,16,wc,t,shuffle,1211842125,1106,84
4096,64,wc,t,seq,1004272990,592,29
4096,64,wc,e,shuffle,1181812133,591,68
32768,8,wb,t,shuffle,1193524969,4966345,4190764
1024,256,wc,e,seq,1005150593,432,82
12288,21,wb,e,shuffle,875163763,4149062,2829648
2048,128,wc,e,seq,1005079135,422,55
8192,32,wb,e,seq,545290133,4204064,1743392
4096,64,wc,t,shuffle,1178234972,545,84
8192,32,wb,e,shuffle,555816758,4207276,1314983
4096,64,wb,e,seq,272514152,4197973,283303
12288,21,wc,e,seq,987171972,859,91
32768,8,wc,n,seq,1043512496,2200,346
16384,16,wb,e,shuffle,886479354,4274346,2824117
512,512,wc,t,shuffle,1160243028,363,91
6144,42,wb,n,seq,375594701,4136940,899250
6144,42,wb,n,shuffle,395246533,4147894,604018
1024,256,wb,t,shuffle,260709975,4194026,51884
12288,21,wc,t,seq,987295539,870,72
262144,1,wb,n,shuffle,1295155070,7629148,4197008
512,512,wc,e,seq,1004453196,403,93
12288,21,wb,e,seq,888212354,4139860,3888412
8192,32,wb,n,seq,478473848,4204436,1474353
512,512,wb,n,shuffle,248079324,4188665,29520
32768,8,wc,n,shuffle,1171122952,1779,36
12288,21,wb,n,seq,593774632,4138577,2082517
12288,21,wb,t,shuffle,767627426,4175074,2304946
16384,16,wb,n,seq,712639171,4205040,2730212
32768,8,wc,e,shuffle,1222585004,1777,165
8192,32,wc,e,seq,1003551389,700,63
1024,256,wc,n,seq,1044944581,377,58
8192,32,wb,e,seq,549010251,4204069,1765819
16384,16,wb,n,shuffle,883895199,4385637,2800411
4096,64,wc,n,seq,1044917554,586,64
1024,256,wb,t,seq,235426577,4193000,72904
4096,64,wb,e,shuffle,277133283,4198325,101315
2048,128,wc,t,seq,1004702397,424,54
6144,42,wb,n,shuffle,394347128,4206805,594474
512,512,wc,e,shuffle,1161596594,442,77
32768,8,wb,e,seq,833889190,4205647,3493012
16384,16,wb,t,seq,714938972,4204800,2742629
32768,8,wb,n,seq,853650892,4205676,3640806
512,512,wc,t,shuffle,1160465072,389,87
2048,128,wb,t,shuffle,258616809,4194648,22263
8192,32,wc,t,seq,1003216575,731,69
6144,42,wc,e,shuffle,1172290099,687,69
2048,128,wc,e,shuffle,1178627088,444,80
512,512,wc,n,shuffle,1114093242,363,52
262144,1,wc,t,shuffle,1316169109,2125356,105
16384,16,wc,e,seq,1002555737,1263,509
12288,21,wb,e,shuffle,779773718,4184739,2362849
1024,256,wc,n,shuffle,1119588097,382,52
262144,1,wb,e,seq,943081564,4205840,4204098
6144,42,wc,t,seq,987999985,558,95
262144,1,wb,t,seq,942197349,4205208,4203461
6144,42,wb,e,seq,322742801,4137810,580843
512,512,wb,e,seq,221674069,3934933,22000
1024,256,wb,n,seq,234798569,4191996,69788
8192,32,wb,n,shuffle,523344910,4217751,1161112
2048,128,wc,e,seq,1004501911,416,99
2048,128,wb,t,seq,234217045,4194076,66081
32768,8,wc,n,seq,1043386185,1835,80
262144,1,wc,e,seq,1002110026,8718,4029
6144,42,wc,t,shuffle,1172399932,725,75
6144,42,wc,n,seq,1028170071,588,151
2048,128,wc,n,shuffle,1133326059,484,16
16384,16,wc,e,shuffle,1213141652,1065,197
1024,256,wb,t,shuffle,268732211,4194743,90344
12288,21,wc,n,shuffle,1134929904,799,57
32768,8,wb,t,seq,883890206,4205591,3832127
512,512,wc,t,seq,1004653052,415,59
8192,32,wc,n,seq,1044384609,718,49
4096,64,wb,n,seq,321341071,4197379,573039
1024,256,wb,e,seq,224660517,4194099,10822
4096,64,wb,t,shuffle,292636931,4201203,173459
4096,64,wc,t,shuffle,1177972868,603,96
512,512,wb,t,shuffle,243205027,4189234,4467
6144,42,wc,n,shuffle,1126133874,598,73
4096,64,wb,e,seq,248791640,4197224,147572
262144,1,wc,e,shuffle,1316042345,2122596,103
16384,16,wc,n,seq,1043952778,1001,151
262144,1,wc,n,seq,1043309892,8718,4034
4096,64,wb,t,seq,251631232,4197156,164883
16384,16,wb,e,seq,699883488,4205620,2679704
1024,256,wc,e,seq,1004400343,361,48
16384,16,wc,t,shuffle,1213112683,1007,67
4096,64,wb,n,shuffle,314931400,4197581,283173
6144,42,wb,e,shuffle,486786051,4142972,1044297
6144,42,wb,t,seq,412810940,4137917,1036267
262144,1,wb,e,shuffle,1288767520,7444571,4188757
2048,128,wb,n,seq,224989906,4194397,18461
512,512,wb,t,seq,218473385,3963512,4186
12288,21,wb,n,shuffle,1090973784,4189624,3872149
32768,8,wb,n,shuffle,1047538963,4662718,3514330
1024,256,wb,n,shuffle,271144138,4192735,103626
4096,64,wc,n,shuffle,1128602256,534,43
12288,21,wc,t,seq,987057597,868,83
8192,32,wc,t,shuffle,1200578899,802,43
8192,32,wb,e,shuffle,646486348,4207306,1752067
12288,21,wc,n,seq,1027491531,859,127
16384,16,wb,t,shuffle,885138523,4263343,2818081
2048,128,wb,n,shuffle,279179987,4194565,122399
1024,256,wc,t,seq,1004175340,379,92
32768,8,wc,t,shuffle,1223048810,2015,97
12288,21,wc,e,shuffle,1186538321,807,48
2048,128,wb,e,seq,241959656,4194082,106951
512,512,wb,e,shuffle,243504443,4192591,5629
4096,64,wc,e,shuffle,1183139728,521,54
1024,256,wc,e,shuffle,1187735893,406,53
2048,128,wc,t,shuffle,1177529881,438,46
12288,21,wc,t,shuffle,1185960954,837,47
4096,64,wc,t,seq,1004101214,532,16
32768,8,wb,t,shuffle,1040608749,4643760,3480860
512,512,wc,n,seq,1045172579,378,57
32768,8,wc,e,seq,1002047945,1726,380
8192,32,wc,n,shuffle,1148180777,732,58
8192,32,wc,e,shuffle,1201425836,621,95
262144,1,wb,n,seq,940957853,4205353,4204019
16384,16,wb,e,shuffle,1025147626,4253835,3505679
6144,42,wb,n,seq,464917044,4137434,1327547
6144,42,wc,e,seq,987879406,672,99
512,512,wb,n,seq,226194653,4189717,24162
12288,21,wb,t,seq,649137278,4139054,2365266
1024,256,wb,e,shuffle,270196647,4194551,97385
16384,16,wc,n,shuffle,1160211338,1076,58
262144,1,wc,t,seq,1002087708,8652,3530
8192,32,wb,t,seq,542137979,4204532,1729288
16384,16,wc,t,seq,1002550703,921,209
2048,128,wc,n,seq,1044697146,430,43
32768,8,wc,t,seq,1001964398,1582,439
262144,1,wc,n,shuffle,1262234570,2120626,97
1024,256,wc,t,shuffle,1166459785,432,75
6144,42,wb,t,shuffle,382479979,4153522,541116
8192,32,wb,t,shuffle,738075913,4221829,2189676
32768,8,wb,e,shuffle,1041612068,4495626,3495949
262144,1,wb,n,shuffle,1291750891,7478699,4197689
2048,128,wb,e,shuffle,258272407,4194556,20727
4096,64,wc,e,seq,1004249181,603,87
262144,1,wb,t,shuffle,1298032606,7640589,4210033
12288,21,wc,e,seq,987172189,862,94
16384,16,wb,n,shuffle,876359487,4249076,2778718
12288,21,wc,e,seq,987063976,895,277
32768,8,wb,t,shuffle,1114045012,4522470,3854403
2048,128,wc,n,seq,1045159059,445,99
262144,1,wb,e,seq,942595981,4205905,4204241
1024,256,wb,e,shuffle,252130067,4194769,10428
2048,128,wb,n,seq,225104616,4193567,18940
32768,8,wc,e,seq,1002180125,1414,81
4096,64,wc,t,shuffle,1180931062,609,49
8192,32,wc,n,shuffle,1149177045,635,46
2048,128,wc,t,seq,1003857793,408,78
4096,64,wc,t,seq,1004397538,607,95
4096,64,wc,e,seq,1004467035,554,51
262144,1,wb,e,shuffle,1294348664,7473398,4209206
32768,8,wb,e,shuffle,1146323858,4699666,3991385
262144,1,wc,e,seq,1002064837,8634,3464
16384,16,wc,n,seq,1043846582,947,168
8192,32,wb,e,shuffle,650076356,4210005,1769412
16384,16,wb,t,shuffle,875705103,4269399,2773980
8192,32,wc,e,shuffle,1201998349,619,96
32768,8,wc,t,shuffle,1222869414,1647,67
1024,256,wc,n,shuffle,1118489371,383,77
512,512,wc,e,shuffle,1160897109,374,54
32768,8,wb,e,seq,943232113,4205459,4198283
8192,32,wc,n,seq,1044443997,687,89
16384,16,wc,t,shuffle,1211766148,979,85
1024,256,wc,t,seq,1002967806,420,56
12288,21,wc,t,shuffle,1185866186,781,21
4096,64,wb,n,shuffle,300823512,4197646,215911
4096,64,wc,n,shuffle,1127742065,581,72
6144,42,wb,n,shuffle,354441394,4143010,407755
512,512,wc,n,seq,1045148168,405,72
2048,128,wc,e,shuffle,1174692593,415,41
4096,64,wb,t,shuffle,294559861,4200532,184084
6144,42,wc,t,seq,988456841,634,107
6144,42,wb,t,seq,354009340,4137716,764253
1024,256,wc,e,seq,1004576522,393,70
1024,256,wc,e,shuffle,1171273704,450,16
512,512,wb,t,shuffle,247711567,4182890,26872
512,512,wb,t,seq,224145709,4181764,11664
1024,256,wb,n,seq,223289983,4192715,8897
262144,1,wb,n,seq,942217989,4205442,4204119
32768,8,wc,e,shuffle,1223066979,1862,94
1024,256,wb,t,seq,248186635,4188958,140071
12288,21,wb,e,seq,572224181,4140111,1963973
2048,128,wc,e,seq,1005327551,404,91
262144,1,wc,n,seq,1043280804,8714,3388
2048,128,wc,t,shuffle,1173851143,468,101
8192,32,wb,n,seq,432693428,4204798,1170688
4096,64,wb,n,seq,264741147,4196708,238452
12288,21,wc,e,shuffle,1186390682,762,106
32768,8,wc,t,seq,1002142271,1618,286
512,512,wb,n,shuffle,245745124,4189881,18017
12288,21,wb,t,seq,650480137,4139662,2370955
12288,21,wc,n,shuffle,1136499547,791,98
512,512,wc,e,seq,1001859860,374,63
6144,42,wc,t,shuffle,1175813450,623,63
262144,1,wb,t,shuffle,1299902885,7631302,4217138
8192,32,wb,e,seq,596040189,4205373,2161124
16384,16,wb,e,shuffle,1160560675,4307050,4156139
12288,21,wb,n,seq,555290546,4139324,1894257
16384,16,wb,e,seq,713738917,4205771,2735110
512,512,wc,n,shuffle,1112967185,322,50
16384,16,wc,n,shuffle,1159468605,976,90
16384,16,wc,e,shuffle,1211518983,1029,70
262144,1,wc,n,shuffle,1262416812,2124801,93
1024,256,wb,t,shuffle,275440898,4193905,122558
262144,1,wc,t,shuffle,1316241608,2123377,85
4096,64,wb,t,seq,256465895,4197562,192107
1024,256,wb,e,seq,224387459,4193248,9619
512,512,wc,t,shuffle,1161574584,348,53
32768,8,wb,t,seq,892307774,4205753,3885759
262144,1,wb,n,shuffle,1290790223,7444257,4196193
4096,64,wc,n,seq,1044570910,580,83
6144,42,wc,e,shuffle,1174606891,762,85
12288,21,wc,t,seq,987502588,879,88
8192,32,wc,t,seq,1003398366,724,41
12288,21,wc,n,seq,1027728989,781,80
512,512,wb,n,seq,226124979,4186709,24201
32768,8,wb,n,shuffle,1038913286,4593253,3474463
32768,8,wc,n,shuffle,1170850687,1535,89
6144,42,wb,n,seq,330068505,4137156,634148
262144,1,wb,t,seq,943370413,4205572,4204208
8192,32,wb,t,shuffle,698620034,4225153,1998587
16384,16,wb,t,seq,942411028,4205753,4190827
2048,128,wb,e,shuffle,286663704,4194143,156783
6144,42,wc,n,shuffle,1125449534,614,82
16384,16,wb,n,seq,666913695,4205005,2491481
4096,64,wc,e,shuffle,1178308322,549,84
512,512,wc,t,seq,1004368156,352,63
2048,128,wb,n,shuffle,268745236,4194896,72244
4096,64,wb,e,shuffle,283062355,4197595,128778
6144,42,wb,e,shuffle,387597451,4150786,565785
4096,64,wb,e,seq,265857509,4197664,243322
6144,42,wc,n,seq,1028502959,605,82
512,512,wb,e,shuffle,243276913,4194041,4479
2048,128,wb,e,seq,226179064,4194417,19762
12288,21,wb,t,shuffle,694000151,4161048,1955654
8192,32,wc,t,shuffle,1201120622,651,98
32768,8,wc,n,seq,1043438273,1592,438
32768,8,wb,n,seq,838685444,4204954,3519169
8192,32,wb,t,seq,545211580,4203967,1746752
1024,256,wb,n,shuffle,265581825,4193640,76688
2048,128,wb,t,seq,239364728,4193804,94488
6144,42,wb,e,seq,287146033,4137316,387367
262144,1,wc,t,seq,1002105524,8742,4104
2048,128,wb,t,shuffle,286151613,4194314,154946
512,512,wb,e,seq,223381812,4191962,4288
6144,42,wb,t,shuffle,362728311,4142004,447099
16384,16,wc,e,seq,1002534099,899,295
12288,21,wb,e,shuffle,779706908,4165230,2363603
8192,32,wb,n,shuffle,559665452,4208106,1332953
2048,128,wc,n,shuffle,1126979870,441,86
262144,1,wc,e,shuffle,1316110183,2127137,101
16384,16,wc,t,seq,1002599955,935,188
12288,21,wb,n,shuffle,782190247,4158772,2379152
6144,42,wc,e,seq,987963666,609,107
1024,256,wc,n,seq,1043965485,337,42
1024,256,wc,t,shuffle,1174054541,390,75
8192,32,wc,e,seq,1003664134,731,78
4096,64,wb,n,shuffle,298226062,4197104,202840
512,512,wb,e,seq,223426360,4192028,4465
8192,32,wb,e,seq,627648828,4204653,2351156
262144,1,wb,e,shuffle,1291239759,7464177,4196229
32768,8,wb,n,shuffle,1034462946,4620902,3449704
12288,21,wb,n,shuffle,782931850,4171098,2381631
8192,32,wc,t,shuffle,1201973301,740,82
16384,16,wb,e,seq,723681598,4205531,2790112
512,512,wb,t,seq,229785689,4173868,41920
12288,21,wb,e,shuffle,771149402,4168452,2322787
2048,128,wb,t,shuffle,269155627,4194087,72921
16384,16,wb,t,shuffle,820888346,4289964,2506210
12288,21,wb,t,seq,639276461,4139407,2309661
6144,42,wc,t,seq,988079268,687,134
16384,16,wc,e,shuffle,1211629034,998,44
1024,256,wb,e,shuffle,262682608,4195327,61061
4096,64,wb,e,seq,244419295,4197436,124626
16384,16,wc,n,seq,1043646637,930,81
2048,128,wb,e,seq,235660519,4194070,72468
12288,21,wc,n,seq,1027591764,844,69
2048,128,wc,n,seq,1044917152,392,13
1024,256,wc,n,shuffle,1118570494,421,37
32768,8,wc,t,seq,1002058864,1643,303
8192,32,wc,t,seq,1003293459,814,95
8192,32,wc,e,shuffle,1200729002,755,68
32768,8,wc,n,seq,1043382591,1731,322
262144,1,wc,e,seq,1002165073,8789,3545
12288,21,wc,t,shuffle,1186134278,808,53
4096,64,wc,t,shuffle,1177795854,653,53
4096,64,wc,e,shuffle,1181532622,502,52
262144,1,wb,e,seq,943148532,4205773,4204104
32768,8,wc,e,shuffle,1222421220,1427,99
8192,32,wb,t,seq,534363518,4204217,1688236
2048,128,wb,e,shuffle,260071640,4194153,29194
2048,128,wc,t,shuffle,1175552719,447,94
4096,64,wc,t,seq,1004187034,533,86
12288,21,wb,t,shuffle,1067548213,4280741,3744388
262144,1,wc,t,shuffle,1316265385,2129025,124
8192,32,wc,n,seq,1044149586,751,92
512,512,wb,n,shuffle,247604990,4191177,26769
1024,256,wb,n,seq,232574408,4191667,60317
1024,256,wc,t,seq,1004948153,382,71
6144,42,wb,e,seq,302699147,4137956,472100
32768,8,wb,n,seq,836723783,4205288,3514571
512,512,wb,e,shuffle,241598320,3769606,38370
262144,1,wc,e,shuffle,1316022855,2122812,105
512,512,wb,t,shuffle,249645503,4190129,35483
8192,32,wb,n,seq,571015915,4204938,2012323
8192,32,wb,n,shuffle,615718913,4211533,1603444
32768,8,wb,e,seq,943107697,4205923,4198702
1024,256,wb,t,shuffle,251682107,4194769,8636
8192,32,wc,n,shuffle,1149374426,746,80
16384,16,wb,n,seq,738961320,4205688,2955681
4096,64,wb,n,seq,253010410,4196221,175435
262144,1,wb,n,seq,942871375,4205384,4204196
6144,42,wb,t,shuffle,489749414,4139988,1059012
8192,32,wb,e,shuffle,493915226,4217187,1015135
12288,21,wc,e,seq,987091774,750,156
6144,42,wb,e,shuffle,425615009,4154776,748744
2048,128,wc,e,shuffle,1177454772,441,64
1024,256,wc,t,shuffle,1171700541,409,113
4096,64,wc,e,seq,1003730302,520,64
1024,256,wb,n,shuffle,273029346,4193906,112400
262144,1,wb,t,seq,942477632,4205144,4203571
12288,21,wb,n,seq,652830559,4139250,2391193
2048,128,wc,t,seq,1004984945,442,100
1024,256,wc,e,seq,1004726299,354,54
32768,8,wc,t,shuffle,1222878514,1473,79
512,512,wc,e,seq,1002392838,363,80
32768,8,wb,t,shuffle,1184953313,4604522,4190509
262144,1,wb,t,shuffle,1292547599,7499564,4197749
4096,64,wb,e,shuffle,266131770,4197580,48028
2048,128,wb,t,seq,225607092,4194004,18561
2048,128,wc,e,seq,1004973645,426,82
8192,32,wb,t,shuffle,814338406,4210263,2555100
12288,21,wc,n,shuffle,1137403171,892,82
512,512,wc,t,shuffle,1176689368,395,85
16384,16,wb,e,shuffle,823456888,4317832,2515765
32768,8,wc,e,seq,1002140461,1629,348
16384,16,wb,n,shuffle,883283353,4299597,2807044
262144,1,wc,t,seq,1002135233,8815,3677
512,512,wc,n,shuffle,1107229535,396,54
6144,42,wc,t,shuffle,1176049814,640,159
1024,256,wb,t,seq,241085566,4193369,102023
12288,21,wb,e,seq,652021604,4138612,2380596
2048,128,wb,n,shuffle,297921309,4194461,212776
512,512,wc,n,seq,1045136211,383,75
262144,1,wb,n,shuffle,1291156560,7466161,4196200
32768,8,wb,t,seq,920898685,4205779,4064832
6144,42,wc,e,shuffle,1176549205,583,73
12288,21,wc,t,seq,987106678,851,102
262144,1,wc,n,seq,1043362278,8673,3709
12288,21,wc,e,shuffle,1186836981,846,56
8192,32,wc,e,seq,1003452379,755,88
512,512,wb,n,seq,226166413,4187661,25051
4096,64,wc,n,seq,1044996052,493,42
16384,16,wb,t,seq,730478484,4205710,2834435
6144,42,wb,n,seq,421825738,4137162,1173677
6144,42,wb,n,shuffle,543527765,4150114,1317150
4096,64,wb,t,shuffle,280582888,4201049,116661
16384,16,wc,e,seq,1002606871,1028,99
1024,256,wc,n,seq,1044010068,376,89
16384,16,wc,t,shuffle,1212322141,1127,93
6144,42,wb,t,seq,435980177,4138290,1254115
262144,1,wc,n,shuffle,1262181579,2118675,133
4096,64,wb,t,seq,276778034,4197268,308986
2048,128,wc,n,shuffle,1126254435,450,82
16384,16,wc,n,shuffle,1159589611,1016,37
1024,256,wc,e,shuffle,1168278953,397,56
16384,16,wc,t,seq,1002639719,1136,270
32768,8,wc,n,shuffle,1170851556,1498,84
1024,256,wb,e,seq,231604620,4193012,48713
512,512,wc,e,shuffle,1167494661,375,61
512,512,wc,t,seq,1004909397,371,52
4096,64,wc,n,shuffle,1127152520,645,58
6144,42,wc,n,seq,1028205716,708,73
2048,128,wb,n,seq,241252166,4193908,109082
6144,42,wc,n,shuffle,1122801352,622,81
32768,8,wb,e,shuffle,1184522922,4580768,4190640
6144,42,wc,e,seq,988076672,729,99
32768,8,wc,e,seq,1002175507,1480,338
16384,16,wb,t,seq,723844568,4205870,2793102
12288,21,wc,e,shuffle,1185856279,927,77
512,512,wb,e,shuffle,248849792,4193765,31351
262144,1,wc,n,shuffle,1262072667,2120760,95
32768,8,wc,n,shuffle,1170975013,1513,77
8192,32,wc,n,shuffle,1147737148,634,31
4096,64,wc,e,seq,1004486538,560,55
6144,42,wb,n,seq,461530440,4138754,1404247
6144,42,wc,n,shuffle,1123962689,772,70
32768,8,wb,n,shuffle,1184957927,4629915,4190808
16384,16,wc,e,shuffle,1212349087,998,92
4096,64,wc,e,shuffle,1176747373,604,18
12288,21,wc,t,seq,987292979,914,98
6144,42,wc,n,seq,1028438408,650,79
12288,21,wb,t,shuffle,1094872777,4162676,3893541
2048,128,wb,e,seq,225886016,4194601,18164
512,512,wc,e,seq,1004957113,368,89
12288,21,wb,n,seq,552337317,4139550,1861265
262144,1,wc,n,seq,1043358856,8751,3584
512,512,wc,t,shuffle,1155416914,358,70
16384,16,wb,n,shuffle,887768676,4257137,2834944
2048,128,wb,n,seq,245584382,4192116,132919
1024,256,wc,t,seq,1004424552,408,89
262144,1,wb,e,seq,943386182,4205881,4203840
1024,256,wc,e,shuffle,1173791020,414,91
12288,21,wb,n,shuffle,1079232614,4265676,3805402
2048,128,wc,n,seq,1045005630,435,77
16384,16,wb,e,seq,670127316,4204994,2509806
262144,1,wb,e,shuffle,1291719012,7477876,4195931
1024,256,wb,t,shuffle,251710424,4196242,8481
8192,32,wb,t,shuffle,821708986,4213508,2590609
4096,64,wb,t,seq,254546846,4197318,185289
2048,128,wc,t,shuffle,1178681580,452,95
8192,32,wc,n,seq,1044185004,668,86
6144,42,wc,e,seq,987774829,627,82
262144,1,wc,t,seq,1002104766,8762,3489
8192,32,wc,e,shuffle,1200672315,611,82
512,512,wb,e,seq,230622181,4185031,43657
262144,1,wb,n,shuffle,1291050393,7448183,4195895
8192,32,wb,n,shuffle,800958926,4221657,2494249
32768,8,wb,e,seq,854802225,4205863,3643232
8192,32,wb,e,seq,659522703,4205070,2532905
1024,256,wc,e,seq,1004963524,384,79
1024,256,wb,e,shuffle,252167468,4194975,10560
8192,32,wc,t,seq,1003257305,704,84
6144,42,wb,e,shuffle,552654822,4188333,1355000
2048,128,wc,e,seq,1004519643,427,72
512,512,wc,n,shuffle,1113273579,397,78
4096,64,wb,n,seq,270914078,4197380,282659
12288,21,wc,n,seq,1027657391,815,81
1024,256,wb,n,seq,223609100,4191733,10488
2048,128,wc,t,seq,1005034115,434,82
512,512,wb,n,seq,222478514,4191577,4325
4096,64,wc,t,shuffle,1182585690,535,77
1024,256,wc,n,shuffle,1129064414,368,64
6144,42,wb,e,seq,459731180,4138556,1389867
1024,256,wb,e,seq,224584486,4193855,10472
4096,64,wb,e,shuffle,281924576,4197510,123527
12288,21,wb,e,seq,563457961,4138755,1913704
512,512,wb,t,seq,226051952,3992540,41398
262144,1,wc,e,shuffle,1316226642,2125311,129
16384,16,wc,t,shuffle,1212406281,963,94
262144,1,wb,t,shuffle,1291250995,7473105,4196022
8192,32,wb,n,seq,653634491,4203944,2502939
6144,42,wc,t,seq,987806246,611,98
12288,21,wc,e,seq,987035846,880,94
16384,16,wc,e,seq,1002640276,1008,100
262144,1,wb,n,seq,941692669,4205281,4203756
32768,8,wb,e,shuffle,1079151570,4606092,3673317
1024,256,wb,n,shuffle,263971292,4193388,68987
1024,256,wc,n,seq,1045527697,359,49
16384,16,wc,n,shuffle,1160364363,905,35
2048,128,wc,n,shuffle,1126822044,454,39
1024,256,wb,t,seq,236460143,4193138,76979
2048,128,wb,e,shuffle,268680257,4194185,70731
4096,64,wc,n,seq,1044597583,558,73
16384,16,wb,e,shuffle,818874934,4268671,2501006
512,512,wb,t,shuffle,248530042,4192529,29968
6144,42,wb,n,shuffle,407306286,4141505,662126
16384,16,wb,t,shuffle,878130831,4245297,2786466
8192,32,wc,e,seq,1003050008,655,100
8192,32,wc,t,shuffle,1201307454,788,92
4096,64,wb,t,shuffle,295602928,4199816,188628
512,512,wc,t,seq,1004499129,375,81
32768,8,wb,t,shuffle,1165484419,4622208,4094340
6144,42,wb,t,shuffle,510467467,4139437,1156417
32768,8,wc,t,shuffle,1222796554,1778,96
262144,1,wc,t,shuffle,1316350745,2122615,98
4096,64,wc,t,seq,1004440767,570,45
32768,8,wb,t,seq,893632202,4205891,3894573
32768,8,wb,n,seq,942593608,4205172,4198523
1024,256,wc,t,shuffle,1168916223,399,91
4096,64,wb,n,shuffle,265232320,4197290,44999
32768,8,wc,t,seq,1002027830,1417,92
32768,8,wc,n,seq,1043362073,1428,312
8192,32,wb,e,shuffle,767934028,4211513,2333160
16384,16,wb,n,seq,671755852,4205443,2523516
12288,21,wb,e,shuffle,771044094,4168088,2322964
2048,128,wc,e,shuffle,1181233126,447,95
6144,42,wb,t,seq,356589117,4137855,790824
4096,64,wb,e,seq,243393594,4197663,118264
12288,21,wb,t,seq,555444188,4139241,1868578
8192,32,wb,t,seq,643113739,4205290,2434171
32768,8,wc,e,shuffle,1222761668,1594,98
2048,128,wb,n,shuffle,285097851,4194725,150703
16384,16,wc,t,seq,1002400721,1008,89
4096,64,wc,n,shuffle,1128008455,557,61
6144,42,wc,t,shuffle,1174685580,636,80
6144,42,wc,e,shuffle,1174937844,664,68
12288,21,wc,n,shuffle,1135014174,851,51
512,512,wb,n,shuffle,240988655,3964225,17415
512,512,wc,e,shuffle,1166872650,380,57
12288,21,wc,t,shuffle,1186203599,909,46
16384,16,wc,n,seq,1043749201,1046,90
262144,1,wb,t,seq,942813710,4205752,4204220
2048,128,wb,t,seq,225612026,4194288,18641
512,512,wc,n,seq,1045143857,331,79
2048,128,wb,t,shuffle,259179069,4194158,24925
262144,1,wc,e,seq,1002092474,8677,1654
32768,8,wc,n,shuffle,1171053860,1460,86
16384,16,wb,t,seq,727084821,4205681,2814612
12288,21,wb,n,shuffle,779273001,4168434,2363470
6144,42,wb,n,shuffle,490245597,4143956,1061145
1024,256,wc,t,shuffle,1169298830,414,89
262144,1,wb,n,seq,942806577,4205422,4204125
4096,64,wb,t,shuffle,313140338,4200117,272596
4096,64,wb,t,seq,244313389,4197671,125833
512,512,wc,n,seq,1045303234,405,85
16384,16,wc,t,shuffle,1212412924,996,82
2048,128,wc,n,shuffle,1126541631,418,61
512,512,wb,e,seq,220226884,4029210,4682
12288,21,wb,e,shuffle,1067507640,4175787,3755428
512,512,wc,t,shuffle,1161630962,396,80
32768,8,wb,t,seq,942909107,4205625,4198820
6144,42,wc,n,seq,1028089614,608,94
32768,8,wb,t,shuffle,1201936285,5296355,4190703
2048,128,wc,e,shuffle,1178098895,433,88
16384,16,wc,n,seq,1043689653,1108,201
12288,21,wb,n,seq,648775464,4139121,2367104
32768,8,wb,e,shuffle,1184479301,4600311,4190487
8192,32,wc,e,seq,1003569144,689,103
8192,32,wc,t,shuffle,1200364277,779,78
2048,128,wc,t,seq,1004384755,414,27
12288,21,wc,t,seq,987034191,927,244
8192,32,wb,e,shuffle,812834573,4211818,2548123
16384,16,wc,e,shuffle,1211496276,1063,89
512,512,wb,t,shuffle,240275525,3935970,15491
8192,32,wb,n,shuffle,797498370,4230082,2475320
16384,16,wb,n,seq,666897092,4205621,2500985
6144,42,wc,e,seq,987666020,549,98
4096,64,wc,t,shuffle,1176890163,551,68
1024,256,wb,n,seq,246011047,4193018,130374
12288,21,wc,n,seq,1027528376,861,118
262144,1,wc,e,seq,1002151305,8770,4877
4096,64,wb,e,shuffle,297437934,4197743,198061
1024,256,wc,e,shuffle,1171291532,374,95
262144,1,wb,n,shuffle,1290827861,7434435,4197014
12288,21,wc,n,shuffle,1137572026,863,87
262144,1,wb,e,seq,942511056,4205566,4203490
1024,256,wc,t,seq,1004424161,367,98
32768,8,wc,e,shuffle,1223026490,1649,80
4096,64,wb,n,shuffle,292610453,4197513,176943
32768,8,wc,n,seq,1043233490,1645,80
8192,32,wb,t,seq,660181378,4204651,2541079
4096,64,wb,n,seq,231349657,4196656,53884
32768,8,wc,t,shuffle,1222772267,1645,99
16384,16,wb,n,shuffle,884323101,4309160,2811257
6144,42,wc,n,shuffle,1126310480,611,69
32768,8,wc,t,seq,1002110803,2067,399
4096,64,wc,e,seq,1003745761,582,47
512,512,wc,t,seq,1004445646,409,26
12288,21,wb,t,shuffle,787014372,4183012,2397124
2048,128,wb,n,seq,231804335,4192628,56311
12288,21,wc,e,shuffle,1185237268,894,95
2048,128,wc,t,shuffle,1180623248,403,84
32768,8,wb,n,shuffle,1158723547,5386211,3973320
6144,42,wb,t,shuffle,474269866,4152446,981205
8192,32,wc,n,seq,1044195350,708,86
2048,128,wc,n,seq,1045078183,379,41
262144,1,wb,t,shuffle,1395414716,7647263,4690155
1024,256,wc,n,shuffle,1119791363,379,86
32768,8,wb,n,seq,831810118,4205445,3503660
512,512,wb,t,seq,230172079,4179795,43798
1024,256,wb,t,seq,240721139,4193589,98808
6144,42,wb,t,seq,427245324,4138268,1202201
512,512,wb,e,shuffle,243222552,4193811,4377
6144,42,wc,t,shuffle,1174206144,696,70
512,512,wc,n,shuffle,1126564868,395,72
8192,32,wb,t,shuffle,680953714,4208768,1916170
2048,128,wc,e,seq,1004650628,437,82
262144,1,wc,n,seq,1043403946,8729,4103
16384,16,wc,t,seq,1002575546,1159,269
12288,21,wc,e,seq,987564783,756,121
2048,128,wb,n,shuffle,293736395,4194481,192698
16384,16,wb,e,shuffle,819841817,4351299,2494606
16384,16,wb,t,shuffle,875713853,4263077,2772410
262144,1,wc,t,shuffle,1316318698,2126166,98
8192,32,wc,n,shuffle,1149303447,643,97
2048,128,wb,t,shuffle,274680895,4194349,99339
1024,256,wb,n,shuffle,251443656,4194296,8673
4096,64,wb,e,seq,242771927,4197479,115042
512,512,wc,e,seq,1004617074,386,78
262144,1,wb,t,seq,942740502,4205616,4204079
262144,1,wc,t,seq,1002062593,8740,1268
2048,128,wb,e,shuffle,275959868,4194376,105812
1024,256,wb,t,shuffle,251988450,4193908,9843
512,512,wb,n,seq,222605861,4192903,4901
2048,128,wb,e,seq,226092543,4194632,19033
4096,64,wc,n,seq,1045008141,522,68
512,512,wc,e,shuffle,1183763883,377,82
1024,256,wb,e,seq,224592981,4194278,10355
8192,32,wc,e,shuffle,1201136781,758,70
8192,32,wb,n,seq,668107470,4205372,2590052
1024,256,wc,n,seq,1045337008,356,78
512,512,wb,n,shuffle,237410531,3927057,4150
6144,42,wb,n,seq,365079298,4137709,848377
2048,128,wb,t,seq,226101670,4194323,20810
4096,64,wc,n,shuffle,1128308547,633,82
32768,8,wc,e,seq,1002133034,1732,424
16384,16,wb,e,seq,729987654,4205508,2828705
16384,16,wc,e,seq,1002586092,1062,185
1024,256,wc,e,seq,1003497134,384,25
12288,21,wb,t,seq,651681204,4138622,2380778
12288,21,wb,e,seq,629807798,4139855,2254873
8192,32,wb,e,seq,671580092,4205086,2603959
6144,42,wb,e,shuffle,430904263,4144285,772810
262144,1,wb,e,shuffle,1291495357,7462610,4196149
16384,16,wc,n,shuffle,1159687318,930,88
262144,1,wc,e,shuffle,1316360921,2124552,103
12288,21,wc,t,shuffle,1187238295,810,70
1024,256,wb,e,shuffle,264427256,4194831,69659
262144,1,wc,n,shuffle,1262111746,2116832,128
6144,42,wc,e,shuffle,1173864826,650,82
6144,42,wb,e,seq,390389884,4137701,984366
4096,64,wc,t,seq,1004842242,574,90
32768,8,wb,e,seq,943050083,4205530,4198338
6144,42,wc,t,seq,988164571,619,98
4096,64,wc,e,shuffle,1183422340,659,63
8192,32,wc,t,seq,1003787905,782,80
