"sizea","temp","Blocks","cyca","l3ra","l3ma","cycb","l3rb","l3mb"
4096,16,tt,4877019121,1023246782,168502,8176,312,288
6144,16,nt,19012445463,2653,2322,10051,324,287
32768,16,tt,4915314362,290532278,234169370,8460,309,292
32768,16,nt,7437621367,3404,2127,8429,310,290
524288,16,tt,4985477014,252196996,252190404,10657,316,287
524288,16,nt,6382362889,489608,58694,8353,309,293
2048,16,nt,27475000514,266,59,9335,303,292
4096,16,nt,26756037458,465,186,8706,315,288
16384,16,nt,9557446326,687,25,8682,312,287
5120,16,nt,23540503586,560,204,9456,320,287
3072,16,nt,26954034979,425,94,8318,329,289
3072,16,tt,4914120712,1031259208,186928,7640,316,291
131072,16,tt,4965462360,252194286,250042984,9793,315,289
16384,16,tt,4925783490,371680804,206523844,8765,309,289
8192,16,tt,3922582329,577195331,70148042,8183,308,288
65536,16,nt,6432398448,7266,4442,8048,313,296
2048,16,tt,4990269267,1047364538,156392,8038,313,290
262144,16,tt,4999250338,252186582,252178309,8576,321,292
8192,16,nt,14900090530,600,142,9019,313,292
5120,16,tt,4640430722,913894089,17082930,7427,303,284
12288,16,tt,4956400368,457036387,179253640,8038,322,293
131072,16,nt,6406949230,178200,19438,8920,310,290
6144,16,tt,4118027247,740307724,34845009,10707,353,322
12288,16,nt,11768688854,2216,1681,9583,308,292
262144,16,nt,6392837522,481417,15950,9128,320,292
7168,16,tt,3556825747,591001504,45183940,8351,318,292
65536,16,tt,4742244158,252190974,235397859,8144,309,287
7168,16,nt,15265013015,999,620,8151,314,287
6144,16,nt,19068220465,675,206,9001,312,287
3072,16,tt,4914009537,1031262409,185929,8355,310,287
262144,16,nt,6392038992,485139,15621,10673,312,289
16384,16,nt,9561793468,721,10,7993,303,285
131072,16,tt,4970960109,252188335,250055967,8816,319,289
7168,16,nt,15214566758,750,227,8275,316,293
2048,16,tt,4990555504,1047364510,175881,7770,313,280
8192,16,nt,14833531995,529,127,8040,301,290
4096,16,nt,26659241489,487,63,8151,306,288
7168,16,tt,3475780007,591001349,40171933,7761,321,289
5120,16,tt,4987525455,913894367,39752642,8889,322,291
4096,16,tt,4876886480,1023250396,201983,8336,315,292
524288,16,nt,6382607722,488428,60688,9122,314,297
32768,16,nt,7444942902,2459,1263,9175,318,294
2048,16,nt,27169356404,228,24,8867,317,288
65536,16,nt,6432681119,7544,4906,8619,304,288
6144,16,tt,4047707274,740307372,31910905,7560,302,288
12288,16,nt,11777435512,908,346,9112,318,289
65536,16,tt,4732321805,252194844,235386377,8565,309,282
12288,16,tt,4981681185,457034448,180064712,9514,305,293
8192,16,tt,3951459494,577195826,71774283,8374,316,287
3072,16,nt,26949269146,333,73,8104,313,294
524288,16,tt,4979531275,252196709,252188630,9204,329,292
262144,16,tt,4988746038,252195290,252185674,9462,308,292
131072,16,nt,6406995024,152126,17056,8186,316,287
16384,16,tt,4919070520,371675866,206435493,9559,312,291
5120,16,nt,23604033119,808,326,8358,320,290
32768,16,tt,4918625664,290532209,234157129,8912,307,285
12288,16,tt,4960383256,457038627,179065934,8486,308,284
131072,16,nt,6407614785,145147,11461,9557,318,290
131072,16,tt,4965384958,252194701,250064425,8419,303,283
4096,16,nt,26747726278,911,571,9218,314,292
6144,16,tt,4168503375,740309684,37653657,8666,337,287
524288,16,nt,6382218805,490650,57277,8921,313,291
65536,16,tt,4732443782,252191876,235355621,9295,311,292
4096,16,tt,4878627546,1023246614,294222,8692,305,288
16384,16,tt,4920305545,371673257,206796185,8923,315,290
3072,16,nt,26978905676,338,53,8347,315,293
8192,16,tt,3987685781,577195501,74768951,8573,317,283
5120,16,nt,23621856138,760,342,7947,314,297
7168,16,nt,15196166432,982,559,8050,309,289
5120,16,tt,4652512223,913894165,17933209,7875,318,286
524288,16,tt,4983811690,252194712,252186073,10501,338,294
32768,16,nt,7436151020,2028,319,8004,311,293
2048,16,nt,27540525498,236,71,9241,304,286
32768,16,tt,4915807509,290529044,234171875,8672,319,291
7168,16,tt,3443803128,591001453,36469102,7815,315,291
6144,16,nt,19067914589,550,278,8247,319,293
2048,16,tt,4990001079,1047364534,141795,9018,309,288
3072,16,tt,4913449165,1031259169,149802,8411,320,277
8192,16,nt,14861868344,739,343,8879,302,292
262144,16,tt,4999151192,252194376,252184820,8537,316,282
262144,16,nt,6392447260,482609,11216,8608,313,289
16384,16,nt,9554530886,1042,565,7717,312,284
12288,16,nt,11761576387,599,13,9453,321,292
65536,16,nt,6432272061,3658,31,7737,305,286
2048,16,tt,4991090296,1047364542,194102,9011,305,291
8192,16,nt,14894313322,818,319,8975,320,292
3072,16,tt,4914180415,1031259182,193003,9396,304,288
65536,16,tt,4737698020,252192626,235387039,8922,307,290
7168,16,tt,3552896575,591001356,44155387,8300,318,296
6144,16,tt,4074181804,740307528,32636752,8407,310,295
65536,16,nt,6431673867,5054,1339,9131,309,294
7168,16,nt,15273661900,787,380,9104,315,289
32768,16,tt,4914421765,290525816,234126817,9509,310,284
6144,16,nt,19056703567,590,267,8733,319,298
131072,16,tt,4967120029,252198532,250039081,10140,302,279
524288,16,nt,6381891108,488108,58607,8398,316,294
5120,16,nt,23629647186,1178,783,9019,326,286
16384,16,tt,4934791327,371675482,206452443,8758,303,288
3072,16,nt,27002527872,333,66,7926,308,292
16384,16,nt,9550291792,922,295,8750,318,288
131072,16,nt,6408436290,144576,2993,8615,314,291
262144,16,nt,6390769808,480729,13864,9752,312,292
524288,16,tt,4983886769,252196106,252188479,9146,313,291
4096,16,nt,26701393145,1288,1026,9513,306,285
32768,16,nt,7441466551,8550,6427,8461,313,290
2048,16,nt,27288240889,246,47,7687,316,289
8192,16,tt,4038119641,577196720,77602114,7604,324,288
12288,16,nt,11763135168,1384,391,8282,320,293
262144,16,tt,4988293261,252198978,252190488,9320,308,274
12288,16,tt,4956451983,457037807,179782741,8953,309,290
5120,16,tt,4520429004,913894334,9682048,7662,319,291
4096,16,tt,4880950029,1023252194,346579,7941,305,287
32768,16,nt,7437134722,6594,4471,8128,311,292
16384,16,tt,4905402405,371672866,206524268,7709,305,288
65536,16,tt,4733743198,252188237,235456223,10097,308,287
524288,16,tt,4983167430,252196658,252188664,9791,319,293
7168,16,tt,3452678608,591001186,39275298,8160,326,292
7168,16,nt,15220633860,414,88,8258,329,290
6144,16,nt,19008792340,1206,829,8267,315,291
8192,16,tt,4042639382,577195625,78725669,8492,308,283
131072,16,tt,4969589504,252191784,250064426,9585,327,294
2048,16,nt,27303865445,205,34,9649,339,296
12288,16,nt,11763137657,1279,809,7925,309,284
65536,16,nt,6431753954,8893,5668,8430,325,296
5120,16,tt,4660131793,913894158,17467873,8095,302,284
4096,16,nt,26624472826,862,518,9410,327,293
4096,16,tt,4888465957,1023247102,554440,7297,307,281
131072,16,nt,6407195681,158948,8370,8584,313,291
6144,16,tt,3950635247,740307552,23755958,8369,313,286
262144,16,tt,4986458698,252196767,252187770,9908,309,290
8192,16,nt,14844521213,744,427,8641,309,287
262144,16,nt,6391543299,482987,13364,8333,317,289
32768,16,tt,4909464615,290526401,234131852,7880,302,287
3072,16,nt,26908194936,451,180,9221,313,293
524288,16,nt,6382212923,490755,49855,8750,317,289
5120,16,nt,23493197025,425,40,8251,311,289
16384,16,nt,9555078500,810,272,8671,316,287
3072,16,tt,4914749471,1031259143,230446,7608,306,287
2048,16,tt,4988801333,1047364553,66463,7256,303,288
12288,16,tt,4939917419,457036090,179168502,8385,308,288
4096,16,nt,26586947401,631,160,8976,305,290
16384,16,nt,9554173541,845,49,8219,316,288
3072,16,tt,4914448762,1031262269,210977,7457,304,280
4096,16,tt,4876271270,1023249677,155787,7450,314,288
524288,16,nt,6380823629,488420,90108,9452,310,285
5120,16,nt,23555727009,773,455,9101,330,291
12288,16,nt,11757056083,783,14,8360,315,288
131072,16,tt,4964188666,252195428,250050156,8349,312,284
65536,16,nt,6432973324,6373,4047,8944,316,291
6144,16,tt,3914338667,740307425,23326010,9332,315,285
7168,16,nt,15271981759,766,348,8916,310,285
16384,16,tt,4899334567,371676195,206465863,7403,308,290
32768,16,tt,4911048288,290528575,234103204,7084,311,290
32768,16,nt,7444198908,8161,6756,9664,316,289
8192,16,nt,14870986108,639,229,7835,314,285
6144,16,nt,19038971409,669,301,7791,309,290
8192,16,tt,4026961007,577195504,76405924,9071,314,288
2048,16,nt,27338041401,193,10,8105,314,294
7168,16,tt,3607609780,591001812,47220207,8528,313,289
2048,16,tt,4989174348,1047364510,90835,7310,304,292
3072,16,nt,26934990414,372,32,9037,306,289
131072,16,nt,6408668830,139788,504,8701,310,293
262144,16,nt,6391678456,481500,29486,9282,309,290
12288,16,tt,4951170587,457038355,179417573,7718,317,286
262144,16,tt,4997613709,252193726,252184285,9232,312,294
5120,16,tt,4592650696,913894063,14763170,8597,310,286
65536,16,tt,4729884407,252188433,235324068,8661,304,290
524288,16,tt,4987983492,252192910,252185329,9396,305,292
2048,16,nt,27217485894,252,4,8213,315,288
8192,16,tt,4025315787,577195672,77211946,8682,308,287
12288,16,tt,4955334046,457036155,179430961,8379,315,291
5120,16,nt,23538471394,689,366,8340,320,289
524288,16,tt,4989944622,252191258,252183333,9646,304,286
4096,16,nt,26689192869,865,655,8557,314,288
16384,16,nt,9547358917,1306,324,8711,311,288
65536,16,nt,6433100128,5175,2067,8209,316,290
131072,16,nt,6408364178,148961,3086,8263,309,292
262144,16,tt,4990626510,252199950,252192671,8515,318,288
32768,16,tt,4912507747,290526392,234222089,8207,314,287
7168,16,nt,15207736305,670,386,8735,312,286
262144,16,nt,6392256531,483622,26815,8227,317,285
6144,16,nt,19123114616,833,532,8870,309,287
3072,16,tt,4914017719,1031259275,187271,7760,311,287
524288,16,nt,6382246231,487546,63749,9689,311,293
12288,16,nt,11793287246,1318,851,8150,316,295
7168,16,tt,3570480623,591001323,44820969,8447,330,286
2048,16,tt,4990340835,1047364550,158849,7908,310,288
65536,16,tt,4735707682,252194232,235380538,10048,311,289
16384,16,tt,4911133296,371675993,206554088,7651,313,290
6144,16,tt,3913144078,740307410,20188255,8142,306,292
3072,16,nt,27024263624,310,42,8189,316,293
5120,16,tt,4568360137,913894052,12784486,7990,305,283
4096,16,tt,4978050862,1023250394,6394593,8877,334,288
32768,16,nt,7440670105,3456,1763,8471,316,296
131072,16,tt,4964598397,252195359,250051402,9941,307,285
8192,16,nt,14879927258,602,272,8012,310,292
7168,16,tt,3502321291,591001166,41250496,9043,312,286
262144,16,nt,6393069356,482426,28255,9682,311,292
16384,16,nt,9566272311,836,267,8446,313,289
12288,16,tt,4943890820,457036265,178885971,7448,315,287
4096,16,tt,4877459123,1023249568,237310,7068,322,287
32768,16,tt,4918081031,290532720,234133046,7966,303,291
131072,16,nt,6407995472,92802,4628,8684,317,292
4096,16,nt,26814077062,707,295,9116,317,284
2048,16,nt,27354375316,228,23,8912,308,290
3072,16,tt,4914132425,1031259199,192903,7436,315,277
3072,16,nt,27050811961,299,76,9208,309,290
65536,16,nt,6432226702,7532,4983,9021,304,291
6144,16,tt,3985101959,740307286,26862967,8254,307,290
262144,16,tt,4995641143,252200933,252193245,10154,321,290
524288,16,nt,6382557463,491017,58762,9917,313,292
5120,16,nt,23582129029,665,282,8404,314,296
12288,16,nt,11767021087,1632,1214,10709,306,281
2048,16,tt,4989908162,1047364561,135091,8011,313,283
16384,16,tt,4901771724,371679199,206172870,7004,300,281
65536,16,tt,4730969363,252191357,235361583,9149,308,286
5120,16,tt,4498040220,913894356,8132237,8938,316,287
131072,16,tt,4967685020,252193717,250058538,9153,309,288
8192,16,nt,14841650337,1498,962,8506,325,290
32768,16,nt,7453635558,1305,58,8526,304,288
524288,16,tt,4990009941,252186623,252180906,10514,314,289
6144,16,nt,19118455409,1844,1324,9318,309,291
7168,16,nt,15173445688,2935,2474,8865,307,289
8192,16,tt,4137351009,577195812,84515413,9187,304,286
6144,16,tt,3963964303,740307440,26130857,7024,314,293
65536,16,nt,6435821320,7374,2787,9284,321,294
6144,16,nt,19105553779,1547,1148,8902,319,294
8192,16,nt,14851474287,602,305,7921,319,291
16384,16,tt,4898767385,371676699,206405387,9103,360,284
7168,16,tt,3611855901,591003215,46803415,7590,310,290
262144,16,tt,4993292545,252194468,252184638,10283,312,295
5120,16,tt,5611521890,913895361,78677880,7901,305,291
4096,16,tt,4878914031,1023248269,318815,7985,304,292
65536,16,tt,4730598119,252186807,235375010,9200,309,288
12288,16,nt,11767137205,1419,726,9217,319,292
32768,16,nt,7435762094,3384,1643,9155,314,293
2048,16,tt,4990599608,1047364519,176971,9453,301,284
5120,16,nt,23536269122,654,304,9588,309,294
7168,16,nt,15188292609,1117,692,8053,315,285
32768,16,tt,4903162102,290530363,234127376,8009,305,284
524288,16,nt,6382730109,490304,57179,9152,320,289
2048,16,nt,27490322472,225,59,8804,310,288
3072,16,tt,4914391214,1031262414,204863,8607,313,286
131072,16,tt,4962194853,252192228,250031016,9574,323,293
262144,16,nt,6392932479,487584,12695,8645,311,287
131072,16,nt,6406829329,147596,7546,8599,313,285
8192,16,tt,4000665930,577196166,74946073,8053,313,288
524288,16,tt,4982836352,252196286,252189926,9544,316,294
12288,16,tt,4954364465,457035375,179684581,10242,315,295
16384,16,nt,9558065675,1041,503,9258,313,293
3072,16,nt,26970829459,378,8,8583,318,293
4096,16,nt,26640325667,636,233,9072,316,285
131072,16,tt,4966897353,252198284,250054622,10147,340,288
4096,16,nt,26673915843,418,87,8667,309,289
3072,16,tt,4914542091,1031259175,219217,8525,308,292
7168,16,tt,3498830711,591001447,39718444,7731,321,293
7168,16,nt,15196421273,625,200,8696,316,291
16384,16,nt,9562783866,3594,3196,7756,315,289
8192,16,tt,4045392485,577195635,79007425,8013,308,285
4096,16,tt,4878336193,1023249795,277347,8516,323,292
262144,16,tt,4990740677,252196373,252186922,8072,314,291
65536,16,tt,4728832796,252188211,235329419,9069,323,291
8192,16,nt,14843357621,816,401,7934,312,290
32768,16,nt,7443473974,1496,245,8759,300,279
5120,16,tt,5182349417,913895034,52332445,8714,330,284
2048,16,tt,4989537119,1047364539,112162,8276,306,292
2048,16,nt,27285527232,193,20,8776,308,291
6144,16,nt,19127101923,947,492,8622,319,271
524288,16,tt,4979163497,252197116,252190763,9235,322,291
12288,16,tt,4942640535,457035968,179610898,10293,315,297
3072,16,nt,26998852200,344,34,8480,317,292
32768,16,tt,4904888598,290533612,234118018,9061,307,277
12288,16,nt,11774220304,2043,1636,8464,319,293
6144,16,tt,3996872711,740307492,27480870,7088,306,288
131072,16,nt,6409567091,117185,9980,9058,313,288
65536,16,nt,6432541785,6959,3820,9183,314,286
5120,16,nt,23482989319,764,225,10217,318,285
262144,16,nt,6392365042,479899,10577,8375,311,295
16384,16,tt,4902814210,371674588,206595178,8304,317,287
524288,16,nt,6382803016,488070,64081,9100,310,289
131072,16,tt,4968104305,252195809,250057107,9088,314,290
7168,16,nt,15186984690,824,442,8469,312,290
4096,16,tt,4976190692,1023247860,6297122,7698,313,287
8192,16,tt,3982222614,577195431,75277538,8073,309,290
65536,16,nt,6431511702,8149,4851,8639,318,290
524288,16,nt,6382004110,488011,51009,9278,303,292
3072,16,nt,27006305608,297,36,8463,303,284
7168,16,tt,3572633967,591001721,45149878,8864,314,276
32768,16,tt,4913715124,290526812,234284201,8431,321,293
32768,16,nt,7444018172,4296,2819,8322,303,286
12288,16,tt,4938296942,457033094,179389498,7598,310,292
16384,16,nt,9544968564,744,108,8540,317,287
8192,16,nt,14833504972,649,288,8876,320,291
5120,16,nt,23490876401,690,323,10020,325,297
16384,16,tt,4900170366,371677220,206400934,9722,316,291
262144,16,tt,4990585994,252194975,252185645,9678,313,289
3072,16,tt,4914042987,1031261732,184417,8485,309,287
6144,16,tt,3991963847,740307423,25818251,8861,316,288
6144,16,nt,19039309484,1211,838,8931,300,285
4096,16,nt,26688537666,571,183,8060,301,282
65536,16,tt,4731569317,252191840,235440404,9668,314,290
5120,16,tt,4773082552,913894177,25959204,7457,319,296
524288,16,tt,4982740985,252195655,252190007,11340,314,294
262144,16,nt,6392628750,483573,11432,8284,307,292
2048,16,nt,27487874023,214,26,9204,314,295
2048,16,tt,4990099799,1047364555,147094,8379,307,282
12288,16,nt,11757484068,1926,1581,8575,302,282
131072,16,nt,6407871511,158681,502,8276,315,293
3072,16,tt,4914064800,1031259211,190384,8163,308,290
524288,16,tt,4984479869,252195907,252188104,10012,307,288
4096,16,tt,4877895403,1023246760,266581,8993,303,289
65536,16,nt,6432636088,4551,565,8217,307,294
32768,16,tt,4909166749,290526304,234246235,8472,306,285
12288,16,nt,11751276391,3349,3001,9462,309,286
524288,16,nt,6382935570,488699,63893,9902,310,287
6144,16,tt,3935485552,740307490,24105365,7650,307,292
16384,16,nt,9558438140,1198,727,7817,310,285
8192,16,nt,14828740016,682,106,8292,308,289
3072,16,nt,26959136115,357,85,7756,309,289
16384,16,tt,4902474195,371675777,206548648,8323,331,280
131072,16,tt,4962725845,252194065,250035376,9963,313,291
5120,16,nt,23465302360,485,83,8466,315,289
8192,16,tt,4015378103,577195473,76907445,7513,307,288
262144,16,tt,4998218111,252194079,252184571,9416,307,288
7168,16,tt,3690226008,591001704,52180755,8216,301,287
2048,16,tt,4990344679,1047364537,164384,7933,305,292
65536,16,tt,4729284432,252192516,235351323,7894,311,287
5120,16,tt,4578566762,913894093,13711918,8106,305,286
7168,16,nt,15179414285,1406,1048,8657,312,286
2048,16,nt,27268471844,179,24,8753,315,293
262144,16,nt,6392280798,485670,23087,8590,310,291
4096,16,nt,26768019420,597,285,8706,304,291
32768,16,nt,7437018733,3529,423,9637,344,294
131072,16,nt,6408368472,95373,11480,8757,319,289
6144,16,nt,19162968726,725,373,9143,319,291
12288,16,tt,4932347118,457035405,178830848,7822,304,290
3072,16,nt,27038323883,498,231,7745,303,280
32768,16,nt,7451454212,4294,2843,8546,313,289
8192,16,nt,14917618807,620,52,8202,310,290
2048,16,tt,4991207058,1047364571,200850,8388,306,291
524288,16,nt,6382173325,489265,90389,8445,313,298
12288,16,tt,4931515804,457032731,179148768,7863,310,287
7168,16,tt,3613135316,591001370,48225520,8046,319,287
7168,16,nt,15289578102,1016,636,8944,310,296
262144,16,tt,4995455844,252191336,252182274,9227,316,282
12288,16,nt,11766197811,1059,568,8909,322,289
16384,16,tt,4909421035,371674200,206415520,7686,306,287
32768,16,tt,4912892574,290531929,234156263,8390,312,292
8192,16,tt,4055986209,577196614,78940975,7746,307,291
4096,16,nt,26623504849,687,264,9380,323,287
16384,16,nt,9564455437,792,270,8422,316,289
524288,16,tt,4990050579,252185618,252179531,10504,321,290
262144,16,nt,6392458532,481105,13274,7988,308,290
6144,16,nt,19135037484,819,315,9230,317,291
5120,16,nt,23598663664,786,413,7859,331,299
4096,16,tt,4878842634,1023246703,327926,7653,314,289
131072,16,tt,4962172727,252193970,250057286,11608,380,356
2048,16,nt,27406631714,265,43,8535,315,292
3072,16,tt,4914337848,1031259188,202392,8587,306,279
6144,16,tt,3950561292,740307490,24646243,8379,305,286
5120,16,tt,4521623159,913894355,9901774,8541,293,280
65536,16,nt,6435039933,12418,7553,8779,317,291
131072,16,nt,6409167481,183358,1775,8852,315,288
65536,16,tt,4733883566,252189709,235365087,9681,317,287
6144,16,tt,3900173373,740307471,22040023,8853,309,285
8192,16,tt,3936115586,577195952,71086072,8080,312,292
2048,16,nt,27471200281,217,17,8869,311,292
524288,16,nt,6382632698,488590,56712,9706,317,290
8192,16,nt,14914956678,1848,1515,7740,318,290
4096,16,nt,26772086650,557,131,8572,310,287
5120,16,nt,23468166609,667,149,8328,305,287
16384,16,tt,4919118274,371676519,206401814,8269,313,292
32768,16,nt,7443891870,4213,2744,8979,318,292
262144,16,tt,4996395343,252195630,252186905,9165,312,295
262144,16,nt,6392408660,484965,21645,9378,311,294
5120,16,tt,4976486527,913894363,39070311,7882,314,287
7168,16,nt,15223897736,609,221,9327,311,291
65536,16,tt,4739016008,252190057,235333765,8760,317,290
12288,16,tt,4952622326,457037421,178813338,8319,304,280
3072,16,tt,4914367970,1031259556,208730,8393,317,290
16384,16,nt,9568323739,1216,567,7883,308,287
4096,16,tt,4878376209,1023249811,280675,7624,305,289
32768,16,tt,4914108304,290532785,234210836,9624,313,290
131072,16,tt,4965366189,252193093,250075997,11017,320,296
12288,16,nt,11766867657,589,119,8393,304,285
6144,16,nt,19003507045,951,559,7690,316,291
524288,16,tt,4983554875,252195273,252188169,9386,324,296
65536,16,nt,6433956827,7060,3741,8737,342,295
2048,16,tt,4990091854,1047364576,144298,8552,317,301
7168,16,tt,6308859646,591009983,216947669,8214,309,290
131072,16,nt,6407795074,156933,2775,8689,304,289
3072,16,nt,26942713499,359,68,9106,310,284
8192,16,nt,14848481735,1448,811,8882,314,293
32768,16,tt,4911336874,290530148,234145344,8886,317,286
2048,16,nt,27374850354,244,90,8909,315,286
65536,16,tt,4735989835,252192691,235382331,8869,312,286
7168,16,tt,3690605779,591002489,51192357,7410,322,292
131072,16,tt,4964557981,252190861,250019701,10288,312,291
12288,16,tt,4969713308,457037460,179396060,8550,320,293
5120,16,nt,23456235355,793,428,8202,321,292
3072,16,tt,4915267880,1031259175,262008,8865,311,286
5120,16,tt,4431046325,913894019,3540711,8181,320,290
16384,16,nt,9568199010,1139,406,8379,320,290
32768,16,nt,7452300476,3444,2442,8137,311,290
3072,16,nt,27023953226,384,152,9038,305,287
2048,16,tt,4990491976,1047364557,169318,7298,323,283
4096,16,tt,4877719367,1023248402,259455,7605,315,291
65536,16,nt,6433326656,18803,16143,8336,309,288
8192,16,tt,4039025001,577195589,79133875,9246,314,285
524288,16,tt,4984218399,252196676,252190906,10728,300,283
6144,16,tt,3965987256,740307429,26202773,8266,316,291
12288,16,nt,11766211415,1468,1086,8624,314,293
4096,16,nt,26639540248,566,251,8734,314,289
262144,16,tt,4991948165,252194933,252184916,9903,322,291
16384,16,tt,4925860801,371678910,206628589,10004,307,287
131072,16,nt,6409864727,116510,8992,8606,322,293
524288,16,nt,6381624388,491007,86262,8436,320,292
7168,16,nt,15179072021,657,160,7985,304,286
6144,16,nt,19045057512,879,431,8123,312,285
262144,16,nt,6393745215,487283,17516,9825,316,289
262144,16,nt,6392749962,484030,23514,8841,304,284
16384,16,tt,4916837020,371678668,206454597,7936,320,290
8192,16,tt,4044642631,577196723,77489557,9136,302,290
4096,16,nt,26624066175,631,364,8992,302,290
5120,16,tt,4451019956,913894297,5424157,8129,316,287
2048,16,tt,4991369941,1047364517,209469,7331,319,291
524288,16,tt,4990590346,252193101,252185137,10269,317,286
16384,16,nt,9554328221,689,20,8416,317,289
6144,16,tt,3996830742,740307525,28199471,8640,310,290
131072,16,nt,6408555968,91948,11795,8663,315,291
6144,16,nt,19139288945,730,373,8678,307,288
32768,16,tt,4914730761,290532979,234200396,8825,310,292
4096,16,tt,5121566434,1023251815,15322123,8228,309,288
3072,16,tt,4915022677,1031263068,240415,8421,307,289
131072,16,tt,4964866820,252197216,250060275,9133,314,291
2048,16,nt,27425025083,273,72,8598,306,283
32768,16,nt,7452616661,4240,2866,9598,316,296
8192,16,nt,14897257958,920,164,8579,315,289
12288,16,nt,11768744436,1023,621,9100,316,293
12288,16,tt,4965407109,457034441,179773545,7957,310,282
7168,16,nt,15159762989,560,121,8349,302,288
3072,16,nt,26939373366,711,460,8623,308,291
524288,16,nt,6382518171,488691,48449,8866,301,288
7168,16,tt,3549751031,591001546,44102578,7729,322,289
262144,16,tt,4995553693,252195451,252186260,9472,297,281
65536,16,tt,4730311158,252186658,235301957,7752,304,290
5120,16,nt,23577987967,821,471,9258,315,296
65536,16,nt,6439805556,18154,14862,8375,320,287
7168,16,nt,15221621383,920,612,9379,314,286
7168,16,tt,3503179426,591001789,40396212,8392,302,292
4096,16,tt,4877669898,1023252033,265227,7237,313,292
6144,16,tt,3941484063,740307569,23749909,8423,309,292
12288,16,nt,11760087504,1712,1111,9219,311,293
2048,16,nt,27395098935,215,54,8360,313,290
3072,16,tt,4916500981,1031259194,321020,8435,325,288
262144,16,nt,6392227344,486205,12642,8740,318,295
32768,16,tt,4904367600,290524386,234230166,8321,313,291
65536,16,nt,6433700950,10611,4349,8469,302,293
2048,16,tt,4991095803,1047364532,196299,8911,297,277
12288,16,tt,4940734286,457037104,180291688,7486,313,294
65536,16,tt,4730261673,252185340,235327619,8738,310,290
16384,16,tt,4895648670,371674429,206474734,8271,311,289
131072,16,nt,6407396032,123017,8915,8801,317,292
5120,16,tt,4591905860,913894495,14203847,7941,314,290
8192,16,tt,4036477495,577196388,78256539,7997,318,294
8192,16,nt,14912175684,639,281,9671,338,297
32768,16,nt,7450609498,3891,2547,7945,300,288
131072,16,tt,4963749489,252193301,250065339,8720,315,285
262144,16,tt,4996220142,252193141,252183963,9893,315,292
524288,16,tt,4985752834,252195741,252188130,10611,316,294
5120,16,nt,23624990830,549,117,8844,307,291
4096,16,nt,26612255334,643,310,8031,320,286
16384,16,nt,9568527663,921,330,8450,320,291
524288,16,nt,6382786002,488813,62383,8979,307,291
6144,16,nt,19143170434,952,701,8388,317,290
3072,16,nt,26980006979,383,122,9100,318,294
2048,16,nt,27442700529,246,56,8295,317,286
8192,16,nt,14844395818,878,304,9011,324,291
12288,16,nt,11769979964,1810,1085,9695,307,280
12288,16,tt,4921569332,457037600,179366651,8096,312,286
262144,16,tt,4996508195,252194627,252185313,9217,318,288
6144,16,tt,3878400742,740307398,20888825,7409,306,287
3072,16,nt,26820806074,413,106,9147,310,289
65536,16,tt,4726681071,252194608,235383723,8513,308,289
6144,16,nt,18989979040,1298,947,8654,338,286
524288,16,nt,6382881212,489470,82535,8997,308,296
5120,16,nt,23663234774,1351,988,9291,325,292
524288,16,tt,4983099821,252193571,252185372,10183,312,292
131072,16,tt,4962242309,252191316,250043193,8409,316,291
131072,16,nt,6408983786,116016,9100,8874,306,292
16384,16,tt,4889261982,371679367,206579868,8478,306,291
3072,16,tt,4915257488,1031259242,257111,7144,312,289
5120,16,tt,4594067171,913894378,12567714,7492,313,290
7168,16,nt,15187477988,806,482,9836,311,292
4096,16,tt,4880954604,1023252468,337556,7567,306,281
4096,16,nt,26585667812,550,229,8346,309,288
8192,16,tt,4061194459,577195600,80227198,9086,323,287
32768,16,tt,4900096228,290527941,234165723,9333,309,292
32768,16,nt,7454851420,3765,2506,7657,305,282
65536,16,nt,6435139029,9304,2535,8390,304,283
262144,16,nt,6392986720,481044,20105,9204,306,290
16384,16,nt,9562027692,838,223,8456,309,289
7168,16,tt,3529625492,591001664,43100414,9120,307,284
2048,16,tt,4990302950,1047364579,160447,7178,314,289
3072,16,tt,4914835874,1031259266,234386,8433,307,290
5120,16,nt,23460897997,919,397,8627,312,290
8192,16,tt,3919785145,577195417,72331799,7748,317,289
262144,16,nt,6392961309,480698,11928,8904,310,292
6144,16,tt,3943151512,740307452,25253345,8001,312,290
3072,16,nt,26988340387,446,216,8955,308,289
65536,16,nt,6434387806,4903,284,8707,312,287
7168,16,tt,3494388957,591001534,40953696,8769,321,290
524288,16,nt,6382275227,490721,68167,8223,305,284
5120,16,tt,5371235899,913896907,65154968,7928,318,291
131072,16,tt,4968121601,252191587,250088226,10632,321,288
2048,16,tt,4990218322,1047364531,155650,9696,301,286
65536,16,tt,4729629888,252193239,235316625,8818,306,288
16384,16,tt,4897716555,371676274,206451003,7085,316,295
12288,16,nt,11761296506,2356,1614,9232,315,298
8192,16,nt,14873197399,1048,652,9524,302,286
32768,16,nt,7451078314,1365,143,7647,306,293
32768,16,tt,4900461638,290525854,234164715,8500,305,290
262144,16,tt,4997485326,252192036,252182337,10528,320,290
4096,16,nt,26814412212,578,257,8611,317,297
6144,16,nt,19060290384,692,118,9901,318,293
2048,16,nt,27355783726,256,86,7973,317,295
4096,16,tt,4881580394,1023252187,479912,7879,314,286
12288,16,tt,4918857866,457034171,178655119,8387,311,293
131072,16,nt,6408998115,136681,8769,8663,310,284
16384,16,nt,9562633937,2127,1716,8110,309,292
7168,16,nt,15179617827,983,538,8860,321,293
524288,16,tt,4990348921,252191681,252184505,9850,317,283
8192,16,nt,14861278816,1200,675,9653,317,291
6144,16,nt,18963496641,464,92,9059,321,291
2048,16,tt,4990855256,1047364569,185859,7848,309,290
65536,16,tt,4730582220,252182466,235318707,8874,325,284
65536,16,nt,6435356368,10159,5223,8401,305,290
6144,16,tt,3999441127,740307638,27100011,7786,314,290
524288,16,tt,4989757576,252189979,252182946,9494,310,287
32768,16,tt,4905296613,290531451,234101066,7802,310,290
7168,16,nt,15278909343,744,218,9001,317,293
131072,16,nt,6408449570,87441,18822,9402,313,287
3072,16,nt,26994615047,462,117,9786,308,286
12288,16,nt,11757577755,971,214,9319,322,306
524288,16,nt,6384006281,489547,52793,8269,315,288
5120,16,tt,4936837192,913894374,36659794,7532,322,287
131072,16,tt,4967242694,252195402,250050076,9718,317,302
4096,16,nt,26698818801,639,280,8240,315,290
7168,16,tt,5665718242,591003176,175855481,7507,308,289
3072,16,tt,4912713841,1031259184,102407,8672,311,290
262144,16,tt,4991917920,252196614,252187145,9551,308,293
16384,16,tt,4907736000,371678598,206621223,8008,299,289
5120,16,nt,23573485199,542,113,8572,310,291
8192,16,tt,3949288244,577195680,73684864,8332,320,278
4096,16,tt,5144386320,1023253243,17278736,7073,305,292
12288,16,tt,4946928118,457034096,179370697,8167,301,275
32768,16,nt,7437218631,2751,1371,8824,327,294
16384,16,nt,9547338175,818,258,8438,310,286
2048,16,nt,27511684938,217,56,9250,320,291
262144,16,nt,6392209143,480761,15868,9003,309,293
5120,16,tt,4634035260,913894071,16353613,7644,315,295
5120,16,nt,23653796652,793,449,9287,314,290
6144,16,nt,19080875406,651,235,8533,320,286
65536,16,nt,6433586625,4460,395,8963,311,284
262144,16,tt,4995227883,252194159,252185248,10617,337,293
16384,16,nt,9549058209,1034,187,9059,320,296
4096,16,tt,4878147446,1023249426,280205,7743,309,282
8192,16,nt,14802793803,722,198,8468,307,291
3072,16,nt,26921032512,346,106,9217,306,289
131072,16,nt,6408359231,152513,9492,8038,320,290
32768,16,tt,4909548055,290519545,234179313,8383,311,287
4096,16,nt,26710376109,673,253,7878,312,292
12288,16,tt,4949982606,457037299,179146210,8427,307,286
131072,16,tt,4969368799,252190806,250051131,9531,314,293
2048,16,nt,27375010592,196,41,8263,303,288
16384,16,tt,4914732063,371681289,206449101,8490,337,284
7168,16,tt,3451539411,591001359,37848697,8231,312,291
65536,16,tt,4737814068,252191111,235479336,8913,309,287
524288,16,nt,6383110982,487917,62688,9481,309,292
524288,16,tt,4985516615,252198288,252191446,10325,313,293
32768,16,nt,7435665562,2002,267,8476,310,295
8192,16,tt,3993149146,577196838,75367627,7863,297,285
3072,16,tt,4914162949,1031259208,194176,7924,310,290
12288,16,nt,11757745497,786,7,8045,312,285
2048,16,tt,4990385992,1047364531,164845,8082,311,279
7168,16,nt,15196677778,807,541,8682,309,291
262144,16,nt,6391816822,483727,18442,9624,297,282
6144,16,tt,4803839774,740308247,81062177,8644,325,290
5120,16,nt,23586676008,729,362,8691,313,295
65536,16,nt,6433349137,9596,5888,8481,310,289
524288,16,tt,4983566801,252197372,252190759,8985,309,289
524288,16,nt,6384380688,487797,59623,10048,321,294
262144,16,tt,4991477209,252197605,252188735,10321,321,292
16384,16,tt,4910502164,371675567,206503735,8043,305,285
65536,16,tt,4735526185,252185954,235341042,9923,325,292
3072,16,tt,4913940504,1031259180,184114,8187,310,289
3072,16,nt,26846808982,353,45,8811,309,278
12288,16,tt,4938681275,457037190,178904951,7653,321,284
8192,16,nt,14853662725,655,107,8806,330,287
7168,16,nt,15174320256,1084,603,8518,306,291
32768,16,tt,4906793945,290525037,234168658,9295,312,286
6144,16,tt,3857371461,740307131,17882076,8121,317,287
7168,16,tt,3475791606,591001122,39358762,8870,314,291
4096,16,tt,4877666756,1023249771,250276,7510,304,292
12288,16,nt,11765137434,936,372,8948,312,288
131072,16,nt,6408414623,148704,8000,9557,312,291
32768,16,nt,7437446125,4642,2928,8876,310,290
8192,16,tt,4020212345,577196661,76541258,7698,315,291
2048,16,nt,27375828160,219,56,9490,323,296
4096,16,nt,26574529153,625,326,8594,325,294
262144,16,nt,6392519224,483668,29873,8713,306,293
5120,16,tt,4670933611,913894189,18466304,8942,313,289
131072,16,tt,4964854958,252193335,250047652,8564,315,287
16384,16,nt,9579952890,891,61,8219,318,289
2048,16,tt,4991493342,1047364555,221455,8727,312,286
6144,16,nt,19005450491,1115,857,8032,316,288
5120,16,nt,23441796590,594,135,9429,324,289
16384,16,tt,4914387124,371673046,206589410,8378,317,287
262144,16,nt,6392944803,487173,27896,8485,308,280
32768,16,tt,4906718879,290534818,234131539,8914,314,293
524288,16,tt,4987010815,252194930,252188220,9752,312,289
8192,16,tt,4008078305,577196042,75960837,9978,307,287
4096,16,tt,5142948399,1023252094,17257049,8182,312,289
12288,16,tt,4945952834,457036432,179393957,7552,307,285
262144,16,tt,4996208138,252191415,252181367,8303,310,286
3072,16,tt,4915442733,1031259201,274424,7129,317,289
6144,16,nt,19103291682,1182,688,8829,315,281
131072,16,nt,6409184800,119563,6227,8426,309,286
32768,16,nt,7453877394,2078,352,9651,320,290
7168,16,nt,15210799794,846,466,8772,309,291
16384,16,nt,9553354020,755,173,8711,307,288
131072,16,tt,4963651921,252197171,250055720,8022,311,285
6144,16,tt,3890851048,740307421,21431479,7734,318,293
12288,16,nt,11781634316,1863,1300,9265,302,284
65536,16,nt,6433726683,10771,7543,8489,316,284
7168,16,tt,3489896098,591001104,40617274,7933,328,283
8192,16,nt,14915579150,1607,1184,9563,316,296
4096,16,nt,26620386182,514,157,9015,309,283
65536,16,tt,4735181535,252188423,235469627,9109,319,291
3072,16,nt,26909318827,412,118,8133,309,291
2048,16,tt,4991285556,1047364537,207503,8388,310,285
524288,16,nt,6382286166,490504,54764,9949,314,289
2048,16,nt,27467441588,290,90,10230,313,291
5120,16,tt,4545217627,913894055,10929398,7985,304,283
6144,16,nt,19127161434,634,341,8476,313,289
8192,16,tt,3955518401,577199244,72107175,8401,322,285
32768,16,nt,7448851497,2090,961,8188,314,285
524288,16,nt,6381953807,488027,67500,8185,300,289
7168,16,tt,3521104477,591001191,41955309,8220,311,284
12288,16,tt,4943060798,457037799,179156063,7504,303,288
524288,16,tt,4988383841,252197761,252190233,9928,318,294
7168,16,nt,15224291134,480,4,8426,317,291
5120,16,tt,4969569920,913894700,38829347,8075,300,284
65536,16,nt,6432010432,13061,9087,9732,313,293
2048,16,nt,27445143147,223,64,9010,307,281
262144,16,tt,4994478000,252197099,252187865,10693,317,292
4096,16,tt,5142577043,1023249019,17273831,7410,321,289
65536,16,tt,4732948310,252187333,235397998,7866,300,288
131072,16,nt,6407849901,130951,12169,8513,317,294
8192,16,nt,14840296476,1638,1117,8316,324,292
16384,16,nt,9578898775,1454,737,9607,303,284
131072,16,tt,4970267193,252183725,250046898,10341,309,289
5120,16,nt,23574584455,1122,728,7951,318,290
4096,16,nt,26660028213,395,53,9637,318,290
2048,16,tt,4990153211,1047364554,152130,7881,307,285
16384,16,tt,4912009314,371678201,206512487,8628,322,296
12288,16,nt,11764157789,1093,439,8041,313,289
262144,16,nt,6391531486,485888,13700,9384,319,286
32768,16,tt,4908554282,290525785,234140370,10042,299,288
6144,16,tt,3945077838,740307242,24730826,8052,308,286
3072,16,tt,4915226781,1031259152,255698,7875,318,290
3072,16,nt,26957555430,427,354,9527,312,294
8192,16,tt,3930754284,577195295,71856533,8099,307,287
12288,16,nt,11781989432,2496,1691,8614,318,292
7168,16,nt,15186373093,905,488,9494,312,289
131072,16,nt,6409659820,129017,6769,8779,314,283
65536,16,nt,6435174586,9239,6068,8911,303,291
12288,16,tt,4946402727,457036654,178958724,8009,312,286
524288,16,tt,4984098209,252195273,252187637,9295,305,289
2048,16,nt,27319384898,307,43,9247,311,291
3072,16,nt,26846357581,387,161,9130,313,284
32768,16,nt,7444504169,4947,2968,8210,309,285
131072,16,tt,4963419029,252194888,250053802,8468,309,290
16384,16,nt,9553097695,705,9,8165,316,290
262144,16,nt,6392417838,486892,14146,8493,311,287
262144,16,tt,4987540322,252195381,252186695,9828,305,291
524288,16,nt,6382645398,490324,56280,9018,312,291
5120,16,nt,23427178203,672,271,8331,317,297
5120,16,tt,4560819178,913894369,12292809,7572,316,285
4096,16,nt,26635541001,514,138,8645,317,294
16384,16,tt,4907064760,371675915,206534048,7570,304,284
32768,16,tt,4908462470,290532230,234155848,7609,313,289
6144,16,tt,3958304226,740308851,24061703,8377,307,283
6144,16,nt,18960349211,792,489,8892,310,290
8192,16,nt,14845715870,1663,1179,8920,316,288
2048,16,tt,4991374970,1047364527,214171,7885,322,289
65536,16,tt,4732169125,252191444,235350244,9046,304,281
3072,16,tt,4914581154,1031259124,217464,7567,310,288
4096,16,tt,4875429649,1023249735,104167,8056,322,290
7168,16,tt,3512695662,591001947,40747667,7716,307,289
32768,16,nt,7445044779,2892,359,8558,308,289
65536,16,nt,6433225058,4770,2025,9566,309,290
8192,16,nt,14834326823,693,388,8426,311,291
131072,16,tt,4966007489,252195978,250075954,8718,305,279
524288,16,tt,4983298453,252195455,252186683,10231,310,286
262144,16,nt,6392022030,484611,35115,8621,310,288
12288,16,nt,11789305932,748,47,8113,307,294
16384,16,nt,9565594227,827,27,7711,315,289
32768,16,tt,4913484596,290526397,234222966,7131,314,280
4096,16,tt,5145091225,1023249271,17254292,7683,307,283
3072,16,nt,26980856355,322,76,8364,311,292
7168,16,tt,3413601054,591001322,35847360,8356,310,283
2048,16,tt,4991042149,1047364515,199390,7111,310,292
5120,16,nt,23446193389,772,273,8277,308,286
131072,16,nt,6408279263,163981,1407,10369,310,286
5120,16,tt,5382929058,913894715,64746523,7635,320,289
16384,16,tt,4903169111,371676331,206475649,8928,314,297
2048,16,nt,27279277207,211,63,7669,309,288
3072,16,tt,4914108950,1031259177,193604,7497,311,288
6144,16,nt,19133987030,1397,936,7766,308,290
524288,16,nt,6383093978,490256,54410,8927,311,298
12288,16,tt,4954160719,457035391,180043533,8242,319,293
65536,16,tt,4735859137,252189173,235369112,7766,320,291
262144,16,tt,4992222111,252194559,252185139,9507,321,294
7168,16,nt,15265313266,766,358,8825,315,287
6144,16,tt,3932876385,740307209,23513869,7714,311,290
4096,16,nt,26567689931,687,374,8918,307,292
8192,16,tt,4044039978,577195568,78895868,7505,305,284
3072,16,nt,26959902468,410,113,8115,318,284
262144,16,tt,4995158778,252191785,252182183,9299,321,291
7168,16,tt,3538773898,591001404,41970649,8590,314,289
12288,16,nt,11781868992,2594,2028,8663,302,291
524288,16,tt,4984282057,252198754,252192302,9765,319,287
262144,16,nt,6393142701,482993,12073,8031,315,295
131072,16,tt,4964355954,252198824,250045802,8862,317,287
5120,16,tt,4446055598,913893940,5254187,8308,320,295
32768,16,tt,4905094191,290528113,234165071,9232,310,291
6144,16,tt,3940993369,740307442,23760117,6928,311,286
7168,16,nt,15272944544,1384,931,9217,329,297
4096,16,tt,5144509033,1023248938,17249107,7570,313,284
2048,16,tt,4988667887,1047364625,58120,7843,302,277
2048,16,nt,27448865729,240,62,7690,319,293
65536,16,tt,4733124097,252186792,235373926,8689,318,288
5120,16,nt,23469175936,865,502,8483,308,286
8192,16,nt,14862099492,771,272,9309,317,296
131072,16,nt,6407795340,122233,7852,9267,321,291
12288,16,tt,4928413058,457035946,179496491,8155,311,296
8192,16,tt,4091806549,577196214,81449946,7495,302,290
4096,16,nt,26878997229,748,463,7524,322,289
16384,16,tt,4909122506,371679156,206491791,9651,307,289
3072,16,tt,4914217526,1031259221,199677,8181,315,290
32768,16,nt,7444439514,2363,103,8557,312,291
524288,16,nt,6382177721,488163,61708,8426,316,292
65536,16,nt,6435608628,7911,3518,9642,321,289
16384,16,nt,9551709987,1349,585,9004,311,290
6144,16,nt,18983548686,739,369,8610,316,291
12288,16,tt,4936131482,457036862,179558005,7329,308,285
8192,16,nt,14849343578,581,153,9049,315,287
524288,16,nt,6382791727,489110,52322,8950,312,287
4096,16,nt,26714159522,740,264,9268,308,286
262144,16,tt,4995564310,252193911,252184535,9000,327,284
7168,16,tt,3563023530,591001208,44276706,8470,308,291
5120,16,tt,4565220222,913894082,12253343,8783,314,285
2048,16,tt,4991124408,1047364538,194747,8289,322,290
131072,16,nt,6409174179,191733,9036,9122,305,289
65536,16,nt,6435145360,11867,8510,8818,317,290
16384,16,nt,9563055826,841,201,9548,307,291
6144,16,nt,18984793998,869,513,8298,306,283
32768,16,nt,7443764064,4282,3128,8546,310,294
65536,16,tt,4730979582,252194339,235349430,8617,311,285
524288,16,tt,4987961561,252193867,252186561,8541,306,284
4096,16,tt,5188949724,1023249530,20239596,7825,311,287
131072,16,tt,4964221745,252195812,250037529,9761,309,290
3072,16,tt,4915032542,1031259206,251398,8409,319,290
32768,16,tt,4905046392,290530931,234168433,8407,314,293
8192,16,tt,3934389218,577195889,71184035,7434,322,290
12288,16,nt,11777443130,703,5,9690,300,287
2048,16,nt,27448148534,226,44,10082,314,294
7168,16,nt,15185125817,902,617,10867,308,288
16384,16,tt,4897117776,371678021,206572221,7951,305,285
5120,16,nt,23538154177,806,447,9001,313,291
6144,16,tt,3860349835,740307411,19961709,9222,314,298
262144,16,nt,6392631629,485279,21669,9070,328,296
3072,16,nt,27036495644,337,139,8483,368,295
12288,16,nt,11774642850,880,349,8800,319,290
6144,16,nt,19019471493,778,354,8103,303,287
2048,16,tt,4990472308,1047364564,167306,9572,307,286
3072,16,tt,4913874419,1031259216,174156,7151,322,288
5120,16,tt,4484527798,913894172,7499974,8248,299,288
65536,16,nt,6436604588,7254,4307,8078,301,289
32768,16,nt,7445744626,2596,415,8567,308,286
6144,16,tt,5243651753,740308601,105616499,7640,308,283
131072,16,nt,6408320949,111803,8403,9439,309,290
262144,16,nt,6392799987,481535,14948,9741,325,291
2048,16,nt,27515946796,333,266,8881,306,293
8192,16,tt,4014663308,577196607,78316511,7813,306,291
8192,16,nt,14851461801,5622,5447,8404,307,293
65536,16,tt,4724354295,252192155,235297240,8187,303,287
524288,16,nt,6383942402,489077,63215,8946,312,284
5120,16,nt,23611839494,1117,759,8521,305,291
16384,16,nt,9556002316,893,389,8571,309,287
3072,16,nt,27055083056,349,119,9415,313,292
524288,16,tt,4990205401,252195197,252187385,11159,361,338
7168,16,tt,3535029152,591002278,40037655,7649,312,291
12288,16,tt,4911042371,457034469,179956878,8219,303,292
4096,16,tt,4882626080,1023249905,538100,9720,313,289
4096,16,nt,26666628356,578,240,8923,310,289
131072,16,tt,4957772981,252196886,250063696,8393,316,290
262144,16,tt,4985409028,252194944,252185657,10192,306,288
16384,16,tt,4893694912,371676178,206804451,7250,310,289
32768,16,tt,4899811023,290522212,234182898,8601,326,285
7168,16,nt,15200202659,1672,1295,8284,316,291
65536,16,tt,4727478651,252185323,235345639,8661,318,290
16384,16,nt,9555717837,1705,1293,8048,295,282
131072,16,tt,4962052474,252194986,250051892,10209,322,282
6144,16,nt,19069534060,726,363,9153,314,288
6144,16,tt,4816648047,740308212,76399637,8165,307,285
16384,16,tt,4886273595,371678798,206422651,7772,308,292
3072,16,nt,26990744862,283,30,8986,319,290
7168,16,nt,15246329975,870,518,8487,308,288
262144,16,nt,6392313781,486230,30455,8586,315,296
262144,16,tt,4991950024,252198344,252190702,8638,309,290
5120,16,nt,23684432837,1004,627,8011,328,288
4096,16,nt,26801422347,580,256,9405,322,295
2048,16,nt,27534584327,278,59,8131,308,287
8192,16,tt,3912084326,577195492,71133990,8117,325,285
7168,16,tt,3469854627,591002871,37592356,7915,311,293
8192,16,nt,14862763513,848,473,8461,315,292
3072,16,tt,4914763461,1031259184,231766,8001,326,287
2048,16,tt,4991153959,1047364531,198223,8824,321,289
12288,16,tt,4898932613,457034421,179408018,7759,298,282
12288,16,nt,11770406366,811,458,10811,319,296
524288,16,nt,6382443184,488598,49553,8422,314,295
524288,16,tt,4986485767,252192274,252184823,9978,310,291
32768,16,nt,7449669897,1869,439,8892,304,290
131072,16,nt,6409273054,181858,9799,9104,334,292
65536,16,nt,6436052201,4473,507,8502,320,289
32768,16,tt,4897543162,290531307,234180201,9502,310,284
4096,16,tt,5143752416,1023248939,17276976,7761,307,287
5120,16,tt,4801338312,913894365,27961201,8233,309,287
32768,16,tt,4906270798,290529565,234293939,7749,308,288
65536,16,tt,4726189882,252189281,235342981,9557,320,290
16384,16,nt,9552008775,801,30,8626,305,291
16384,16,tt,4888052381,371676457,206554296,8682,320,293
524288,16,tt,4987183926,252194347,252187126,10312,315,294
4096,16,nt,26653683713,871,636,7811,313,287
262144,16,tt,4995394612,252194022,252184693,8920,311,285
5120,16,nt,23455156236,647,236,7153,312,285
6144,16,nt,19031084484,884,437,8648,310,282
524288,16,nt,6382511139,488025,54232,9519,326,291
7168,16,tt,3528985531,591001268,43574492,8038,316,292
6144,16,tt,3780694953,740307071,14669997,8270,314,292
2048,16,tt,4990450282,1047364536,168233,8820,326,286
2048,16,nt,27477671410,220,44,8862,305,284
131072,16,tt,4960874428,252195875,250034466,9847,319,295
7168,16,nt,15273268257,1681,1170,8712,324,286
3072,16,nt,26938622345,326,62,8279,317,290
131072,16,nt,6409735898,110726,4938,9844,307,290
8192,16,tt,3845557741,577195387,66633185,7769,304,287
12288,16,tt,4918385355,457037879,179742593,8252,314,293
3072,16,tt,4914890438,1031259251,239438,7984,308,288
8192,16,nt,14912403325,1384,1003,8245,315,291
12288,16,nt,11757307989,970,455,8169,317,287
262144,16,nt,6392980028,481841,893,7947,314,293
5120,16,tt,4758130071,913894340,25316077,7562,306,288
4096,16,tt,5157399468,1023249253,18173265,8606,330,291
32768,16,nt,7457987708,3067,1257,8533,315,288
65536,16,nt,6433955143,8506,4631,8003,304,289
524288,16,nt,6382614833,490872,54720,8929,314,296
7168,16,tt,3414981446,591001201,34315881,7371,315,288
131072,16,tt,4966075121,252194064,250047144,9902,308,290
262144,16,tt,4986256199,252196937,252187891,9234,312,291
16384,16,tt,4878762717,371680510,206380019,9087,312,289
5120,16,tt,4601646932,913894083,15343980,7897,315,290
3072,16,tt,5289573382,1031259205,24355679,7186,312,292
524288,16,tt,4989282662,252194364,252186560,9307,307,287
32768,16,tt,4895532252,290529252,234274642,7713,305,290
5120,16,nt,23504496031,909,525,7901,308,286
12288,16,nt,11769185925,2146,1669,8834,326,290
65536,16,tt,4728174896,252176839,235377016,8348,307,285
32768,16,nt,7445345191,1487,253,8221,314,287
3072,16,nt,26982669788,329,76,9281,318,286
65536,16,nt,6434603930,4023,1045,9185,310,288
8192,16,tt,3923791700,577195637,72471142,7717,306,287
262144,16,nt,6392623985,487098,14946,8355,301,287
6144,16,nt,19127980814,1097,729,8452,311,294
6144,16,tt,3848633445,740307331,18977362,7716,316,283
4096,16,nt,26650546197,573,236,8549,307,289
4096,16,tt,5142128214,1023248780,17210808,8573,308,283
7168,16,nt,15189221951,791,251,8358,307,289
8192,16,nt,14821656383,617,195,8750,313,293
2048,16,tt,4991299086,1047364554,209836,9460,308,282
2048,16,nt,27405849167,229,33,8837,334,288
16384,16,nt,9561817045,733,32,7592,316,292
12288,16,tt,4921535869,457035129,179613980,8141,302,286
131072,16,nt,6407414234,128022,8668,8429,311,290
65536,16,nt,6432752281,7680,4950,8663,306,283
131072,16,tt,4960100101,252192833,250052031,8232,315,291
16384,16,nt,9561889934,975,12,8388,310,294
12288,16,nt,11770383757,715,360,8138,312,288
262144,16,nt,6392082033,484716,31997,8618,319,289
7168,16,nt,15273412682,950,561,8400,316,288
8192,16,tt,3899258932,577197218,70169249,7824,313,283
65536,16,tt,4728766232,252187072,235338331,8546,325,285
131072,16,nt,6408750463,109147,188,10247,314,287
6144,16,nt,19145644497,935,526,8968,321,290
32768,16,tt,4901712856,290533252,234209819,9153,312,284
3072,16,tt,4915177428,1031262465,254204,7244,311,292
16384,16,tt,4898267903,371674372,206446044,9027,317,294
262144,16,tt,4995721790,252193407,252184045,9213,309,290
3072,16,nt,26951193093,390,70,8953,311,295
32768,16,nt,7444184066,6401,5706,9540,309,292
2048,16,nt,27493397172,208,18,7715,311,289
2048,16,tt,4991134644,1047364525,204903,8675,316,286
5120,16,nt,23623567617,819,474,8393,309,293
6144,16,tt,4763147530,740308229,75424049,8648,309,291
12288,16,tt,4909952977,457035689,179090356,9059,310,288
8192,16,nt,14856031711,738,246,9186,312,295
4096,16,nt,26652305236,616,332,9247,305,287
524288,16,tt,4982865709,252195209,252186352,9236,315,285
5120,16,tt,5222321276,913894516,54482200,7991,312,287
7168,16,tt,3523352289,591001622,42884840,8144,312,287
4096,16,tt,5231127540,1023249583,22301903,8226,309,291
524288,16,nt,6382635979,488525,48422,9507,325,290
5120,16,tt,5078536611,913894506,45593385,8740,313,289
5120,16,nt,23604109613,673,362,8792,317,291
131072,16,tt,4967203902,252195593,250047541,9038,315,289
7168,16,nt,15216310772,595,271,8109,305,290
32768,16,nt,7454947263,7169,6450,8648,317,284
32768,16,tt,4904111463,290537992,234252142,8097,317,292
6144,16,nt,19127905547,732,317,8961,317,285
524288,16,nt,6382470135,488209,56044,9018,331,296
3072,16,tt,4914400320,1031259302,209385,8151,323,288
8192,16,tt,3962648782,577195481,75420858,7374,308,288
2048,16,tt,4989929783,1047364531,137374,7760,307,291
8192,16,nt,14915518691,465,70,7774,316,292
65536,16,nt,6434194299,13644,9163,9570,330,294
16384,16,nt,9558232124,984,267,10960,312,288
6144,16,tt,4004643538,740307516,29123084,7750,311,287
12288,16,nt,11776216622,3598,3299,7194,319,289
3072,16,nt,26963173277,399,101,7929,304,291
4096,16,tt,5180516197,1023251685,19325784,8229,309,284
262144,16,nt,6392104982,482124,27676,9091,313,292
12288,16,tt,4923466944,457033321,179823733,8547,314,291
131072,16,nt,6408576806,165365,317,9960,305,290
262144,16,tt,4991134308,252197568,252188866,10751,313,290
16384,16,tt,4890891183,371677077,206432163,10032,312,284
4096,16,nt,26620109433,461,41,8420,301,290
2048,16,nt,27280451030,232,26,9138,321,294
65536,16,tt,4733478964,252188487,235442075,8994,313,286
524288,16,tt,4978625368,252196916,252189289,10520,321,292
7168,16,tt,3605035673,591001594,47576119,8641,308,286
7168,16,nt,15194770689,686,347,8911,317,287
262144,16,nt,6392143951,480188,21486,8566,323,291
16384,16,nt,9558888324,771,234,8172,305,288
524288,16,tt,4978302344,252195970,252188529,9254,306,292
3072,16,nt,26890759706,334,65,9073,321,291
65536,16,nt,6433409412,11877,9329,9515,302,289
6144,16,tt,4594012592,740307861,67393902,7922,304,287
2048,16,tt,4988288101,1047364538,34985,8012,305,289
5120,16,nt,23578099211,568,113,8592,314,287
131072,16,nt,6407729035,118196,4472,8604,321,288
524288,16,nt,6381726079,490169,68723,8246,307,289
4096,16,nt,26729516716,1572,1293,8450,308,294
16384,16,tt,4826544159,371675876,206403842,9183,311,292
5120,16,tt,5370363821,913894747,63755631,7259,292,281
4096,16,tt,5083659387,1023251217,13387866,8157,314,292
7168,16,tt,3626722676,591001347,48670456,8011,313,294
12288,16,nt,11757898750,983,606,8801,312,295
131072,16,tt,4965587956,252196290,250073196,7335,306,288
8192,16,nt,14843143195,907,483,8434,332,293
6144,16,nt,19012500036,809,429,8623,312,287
8192,16,tt,4041035838,577195654,81661414,8080,312,288
65536,16,tt,4722805628,252189950,235355565,7239,317,294
12288,16,tt,4901502925,457035188,179412451,7912,309,287
2048,16,nt,27339534949,197,48,9746,299,287
32768,16,nt,7446953134,4073,3028,8572,304,285
262144,16,tt,4990002826,252197872,252188115,10109,302,287
32768,16,tt,4892993723,290526133,234122535,9041,308,293
3072,16,tt,4914490465,1031259259,213849,7744,307,288
12288,16,tt,4911533648,457034768,179512728,8000,318,287
524288,16,nt,6382109187,490339,60142,8143,315,281
5120,16,tt,4568267748,913894089,12563560,8773,306,286
524288,16,tt,4985318844,252196826,252189838,10358,316,285
4096,16,nt,26693627393,833,445,9412,313,292
4096,16,tt,5190324693,1023254968,20253170,8375,308,290
32768,16,tt,4893376076,290527726,234138776,7782,316,292
6144,16,tt,4114849661,740308075,33880097,8022,314,286
16384,16,nt,9565877503,957,487,9265,316,295
2048,16,tt,4989812512,1047364515,133692,8427,300,278
262144,16,nt,6392139463,482023,4965,8699,304,280
131072,16,tt,4965299584,252196116,250053759,10034,312,288
65536,16,nt,6433272684,8107,4877,9122,317,291
7168,16,nt,15172386318,1669,1320,9218,322,288
131072,16,nt,6406386952,182522,17989,10169,308,295
8192,16,tt,4020457928,577195430,78841766,7685,312,289
262144,16,tt,4988527412,252195567,252188204,7805,321,290
3072,16,tt,5037370480,1031259458,8048598,8780,317,291
5120,16,nt,23607077947,1319,953,8373,309,292
8192,16,nt,14829165699,504,98,9240,308,289
12288,16,nt,11761546031,2284,1421,8449,314,290
16384,16,tt,4876566897,371677242,206507089,7601,310,285
2048,16,nt,27256708492,206,38,8729,318,294
65536,16,tt,4722612953,252186798,235326130,7599,317,290
6144,16,nt,18985282867,703,390,8469,331,289
3072,16,nt,26998486804,357,50,7961,301,285
32768,16,nt,7442703882,2615,95,9492,316,292
7168,16,tt,3623817119,591001527,49532166,10716,310,283
131072,16,tt,4966983112,252189160,250056846,9573,320,289
7168,16,nt,15254332191,844,504,9009,315,292
8192,16,nt,14847244986,973,688,8735,307,291
5120,16,nt,23472562170,527,152,8172,310,291
524288,16,tt,4983733978,252196475,252188940,11219,312,283
32768,16,nt,7443176623,1586,181,9920,329,290
262144,16,tt,4990504956,252198725,252190252,10158,334,305
131072,16,nt,6407944862,132745,21058,8879,315,288
12288,16,tt,4886198026,457033966,179076722,7904,310,287
16384,16,nt,9548533400,1146,436,9706,317,287
5120,16,tt,4614353658,913894103,15817569,7640,315,282
6144,16,tt,4073278205,740307536,33500671,7164,310,288
3072,16,tt,4914798782,1031259228,233639,8102,295,283
16384,16,tt,4874086883,371674956,206456074,9187,321,294
65536,16,tt,4724015391,252184062,235300964,9414,306,288
2048,16,tt,5089794521,1047364556,6362962,8592,311,288
7168,16,tt,3603485320,591001293,47723747,7460,320,288
8192,16,tt,4073653371,577195709,81882873,8281,311,287
6144,16,nt,19004065036,922,502,7873,305,289
2048,16,nt,27367443853,245,11,8876,317,288
524288,16,nt,6382235320,488975,55599,7739,313,296
3072,16,nt,27029609611,558,273,8433,313,291
4096,16,tt,4975558862,1023247596,6331599,9275,320,284
262144,16,nt,6392969782,487210,13703,9022,317,289
4096,16,nt,26735461729,737,325,8476,303,285
32768,16,tt,4891271318,290531659,234156841,8675,307,281
12288,16,nt,11745832096,2140,1799,8833,322,289
65536,16,nt,6429939365,11113,8304,8893,311,291
262144,16,tt,4988785419,252196743,252188155,11178,343,309
16384,16,nt,9538331302,708,204,8196,307,290
131072,16,nt,6408378945,166518,11497,8830,326,291
32768,16,tt,4897973843,290526077,234158180,7713,321,288
8192,16,nt,14896930303,1056,569,8593,306,288
5120,16,nt,23452644489,682,348,9019,318,291
4096,16,tt,5158199713,1023248965,18220405,8895,311,284
2048,16,tt,4988662099,1047364545,58978,7570,324,289
3072,16,nt,26856336490,278,38,9843,309,294
131072,16,tt,4967505570,252196571,250086136,9397,324,287
12288,16,tt,4923700683,457034341,179351866,7821,312,292
3072,16,tt,4914332266,1031259189,206983,7408,306,284
5120,16,tt,4502308757,913894315,8847412,8837,311,289
524288,16,tt,4982903675,252195325,252187891,9525,322,289
7168,16,nt,15186534751,632,129,8959,309,292
6144,16,nt,18972910021,815,455,8670,310,288
65536,16,nt,6433308678,7088,4345,9053,311,277
262144,16,nt,6392229032,483913,28920,8999,313,298
2048,16,nt,27241110393,223,81,8731,310,290
32768,16,nt,7459470197,1718,261,8285,316,293
7168,16,tt,3546406965,591001606,43454905,8097,312,293
8192,16,tt,3988936530,577196467,75955386,8543,311,287
12288,16,nt,11769819819,849,351,9090,318,289
6144,16,tt,4104597782,740307572,34999008,7379,315,281
4096,16,nt,26556506588,398,28,9643,316,287
16384,16,tt,4886633636,371674607,206506767,7230,309,290
524288,16,nt,6382020949,488472,73653,9279,314,289
65536,16,tt,4734968901,252191197,235444609,8053,312,289
131072,16,tt,4963219728,252194267,250069301,8712,315,295
16384,16,nt,9569455537,842,300,8169,313,289
131072,16,nt,6407819851,130049,8054,7996,300,286
3072,16,tt,4914164840,1031259285,194718,8002,316,290
524288,16,nt,6382681754,490666,46045,9333,302,281
6144,16,nt,18968930481,994,635,9292,315,292
16384,16,tt,4877851052,371675484,206394633,8393,324,288
8192,16,tt,4078489716,577198395,80563057,8278,310,284
65536,16,nt,6434330432,12141,8072,8546,311,291
7168,16,tt,3482582720,591001608,40634853,7830,309,289
8192,16,nt,14917984979,580,196,7734,318,296
12288,16,tt,4936688001,457034385,180696671,8740,326,289
6144,16,tt,3997432906,740307499,28230191,8985,310,289
12288,16,nt,11768173374,1697,1214,9118,322,293
4096,16,nt,26643920256,868,577,9546,322,295
5120,16,nt,23370534457,802,448,8372,312,292
4096,16,tt,5141905682,1023249411,17207189,8782,321,291
2048,16,tt,4988823333,1047364556,69674,7312,311,293
7168,16,nt,15154003202,848,477,8988,313,285
524288,16,tt,4985624477,252194905,252187306,9471,312,294
32768,16,nt,7435608886,5954,5092,9402,319,300
65536,16,tt,4728713719,252192995,235371289,10014,312,293
32768,16,tt,4905700068,290524573,234133970,9467,302,289
2048,16,nt,27245224772,220,50,7912,309,292
262144,16,tt,4985858270,252194435,252184730,8636,308,288
262144,16,nt,6393049211,481065,22284,8756,313,289
3072,16,nt,27008053977,300,107,8434,295,278
5120,16,tt,4579091208,913894032,13496061,7908,311,289
3072,16,nt,27002388811,433,107,10024,313,289
131072,16,nt,6406952906,169237,1642,8164,305,290
7168,16,tt,5985625190,591003427,198047139,7760,321,289
32768,16,nt,7442377918,1345,39,8664,315,290
8192,16,nt,14806333289,702,360,9456,321,294
6144,16,tt,3873332265,740307341,20948222,8183,306,287
2048,16,tt,4990169220,1047364521,155310,8010,306,293
5120,16,nt,23393034424,638,241,9113,310,290
16384,16,tt,4882871752,371676344,206559678,7275,308,282
4096,16,tt,4953603823,1023249945,4593336,7685,302,284
65536,16,nt,6430377998,7528,4585,9603,310,290
6144,16,nt,19083292306,579,147,8258,301,282
524288,16,tt,4985845802,252196004,252188695,9510,326,283
12288,16,nt,11777066219,605,33,9185,327,287
262144,16,nt,6391993560,481532,18425,8479,311,290
32768,16,tt,4897155645,290527336,234167764,7463,317,286
262144,16,tt,4993412544,252193877,252184521,9733,309,288
8192,16,tt,3999169833,577195923,76568716,7567,314,288
16384,16,nt,9567383072,964,431,7936,308,288
65536,16,tt,4727290840,252194418,235362951,7091,318,292
131072,16,tt,4964807264,252195157,250048782,8791,318,289
4096,16,nt,26528474794,685,356,9219,305,290
7168,16,nt,15156809930,979,593,7989,312,287
2048,16,nt,27303352095,293,91,9260,321,290
12288,16,tt,4914877100,457034641,179283591,7767,319,288
524288,16,nt,6381570099,491020,85661,9242,315,294
5120,16,tt,5437300940,913894830,63938110,7455,316,290
3072,16,tt,4912375147,1031259270,79913,7759,301,291
